"cell_line"	"Mutation_AA"	"Mutation_Description"	"HGVSC"	"HGVSG"	"Chrom"	"Pos"	"symbol"	"found"	"cgc"	"expr"	"redit"	"LCR"	"dbsnp"	"kG"	"Freq"	"Depth"
"BT-474"	"p.Y866*"	"Substitution - Nonsense"	"ENST00000262450.7:c.2598C>G"	"1:g.6136615G>C"	"chr1"	6136615	"CHD5"	"no"	"no"	"<=1 tpm"	"no"	"out"	"no"	"no"	""	"<=5"
"BT-474"	"p.K167R"	"Substitution - Missense"	"ENST00000263932.6:c.500A>G"	"1:g.12109644A>G"	"chr1"	12109644	"TNFRSF8"	"no"	"no"	"<=1 tpm"	"no"	"out"	"no"	"no"	""	"<=5"
"BT-474"	"p.G522E"	"Substitution - Missense"	"ENST00000371733.7:c.1565G>A"	"1:g.51406017C>T"	"chr1"	51406017	"EPS15"	"yes"	"no"	">1 tpm"	"no"	"out"	"no"	"no"	"<20%"	">5"
"BT-474"	"p.D341N"	"Substitution - Missense"	"ENST00000370389.6:c.1021G>A"	"1:g.91979710G>A"	"chr1"	91979710	"BRDT"	"no"	"no"	"<=1 tpm"	"no"	"out"	"no"	"no"	""	"<=5"
"BT-474"	"p.E235Q"	"Substitution - Missense"	"ENST00000260526.10:c.703G>C"	"1:g.94203989C>G"	"chr1"	94203989	"ARHGAP29"	"yes"	"no"	">1 tpm"	"no"	"out"	"no"	"no"	"<20%"	">5"
"BT-474"	"p.R192Ifs*10"	"Deletion - Frameshift"	"ENST00000341485.9:c.575_576del"	"1:g.154170444_154170445del"	"chr1"	154170444	"TPM3"	"no"	"no"	">1 tpm"	"no"	"out"	"no"	"no"	""	">5"
"BT-474"	"p.E101D"	"Substitution - Missense"	"ENST00000367162.7:c.303G>C"	"1:g.205187769C>G"	"chr1"	205187769	"DSTYK"	"yes"	"no"	">1 tpm"	"no"	"out"	"no"	"no"	"<20%"	">5"
"BT-474"	"p.E105K"	"Substitution - Missense"	"ENST00000258243.6:c.313G>A"	"1:g.229634926G>A"	"chr1"	229634926	"URB2"	"yes"	"no"	">1 tpm"	"no"	"out"	"no"	"no"	"<20%"	">5"
"BT-474"	"p.F271Y"	"Substitution - Missense"	"ENST00000375321.1:c.812T>A"	"10:g.30451683T>A"	"chr10"	30451683	"MAP3K8"	"yes"	"no"	">1 tpm"	"no"	"out"	"no"	"no"	"<20%"	">5"
"BT-474"	"p.S367C"	"Substitution - Missense"	"ENST00000355832.9:c.1100C>G"	"10:g.49524330G>C"	"chr10"	49524330	"ERCC6"	"yes"	"no"	">1 tpm"	"no"	"out"	"no"	"no"	"<20%"	">5"
"BT-474"	"p.E279Q"	"Substitution - Missense"	"ENST00000530153.5:c.835G>C"	"11:g.65606079C>G"	"chr11"	65606079	"MAP3K11"	"no"	"no"	">1 tpm"	"no"	"out"	"no"	"no"	""	">5"
"BT-474"	"p.E1479Q"	"Substitution - Missense"	"ENST00000393695.7:c.4435G>C"	"11:g.72013068C>G"	"chr11"	72013068	"NUMA1"	"yes"	"no"	">1 tpm"	"no"	"out"	"no"	"no"	"<20%"	">5"
"BT-474"	"p.D1732N"	"Substitution - Missense"	"ENST00000534358.5:c.5194G>A"	"11:g.118494303G>A"	"chr11"	118494303	"KMT2A"	"yes"	"no"	">1 tpm"	"no"	"out"	"no"	"no"	"<20%"	">5"
"BT-474"	"p.Q1301*"	"Substitution - Nonsense"	"ENST00000260197.11:c.3901C>T"	"11:g.121588106C>T"	"chr11"	121588106	"SORL1"	"yes"	"no"	">1 tpm"	"no"	"out"	"no"	"no"	"<20%"	">5"
"BT-474"	"p.V387I"	"Substitution - Missense"	"ENST00000381340.7:c.1159G>A"	"12:g.26682663C>T"	"chr12"	26682663	"ITPR2"	"yes"	"no"	">1 tpm"	"no"	"out"	"no"	"no"	"<20%"	">5"
"BT-474"	"p.Q291E"	"Substitution - Missense"	"ENST00000416762.7:c.871C>G"	"12:g.53033814C>G"	"chr12"	53033814	"EIF4B"	"no"	"no"	">1 tpm"	"no"	"out"	"no"	"no"	""	">5"
"BT-474"	"p.Q495*"	"Substitution - Nonsense"	"ENST00000400024.6:c.1483C>T"	"12:g.120997647C>T"	"chr12"	120997647	"HNF1A"	"no"	"no"	"<=1 tpm"	"no"	"out"	"no"	"no"	""	"<=5"
"BT-474"	"p.F33Lfs*4"	"Deletion - Frameshift"	"ENST00000490506.5:c.99del"	"14:g.22950408del"	"chr14"	22950408	"HAUS4"	"no"	"no"	">1 tpm"	"no"	"out"	"no"	"no"	""	">5"
"BT-474"	"p.Q543*"	"Substitution - Nonsense"	"ENST00000340446.4:c.1627C>T"	"14:g.44505361G>A"	"chr14"	44505361	"FSCB"	"no"	"no"	"<=1 tpm"	"no"	"out"	"no"	"no"	""	"<=5"
"BT-474"	"p.S521F"	"Substitution - Missense"	"ENST00000287598.10:c.1562C>T"	"15:g.40200975C>T"	"chr15"	40200975	"BUB1B"	"yes"	"no"	">1 tpm"	"no"	"out"	"no"	"no"	"<20%"	">5"
"BT-474"	"p.E1771K"	"Substitution - Missense"	"ENST00000545763.5:c.5311G>A"	"15:g.41749545G>A"	"chr15"	41749545	"MGA"	"no"	"no"	">1 tpm"	"no"	"out"	"no"	"no"	""	">5"
"BT-474"	"p.V1007Gfs*4"	"Insertion - Frameshift"	"ENST00000535302.6:c.3019dup"	"15:g.44615382dup"	"chr15"	44615382	"SPG11"	"yes"	"no"	">1 tpm"	"no"	"out"	"no"	"no"	"<20%"	">5"
"BT-474"	"p.L869R"	"Substitution - Missense"	"ENST00000268058.7:c.2606T>G"	"15:g.74044965T>G"	"chr15"	74044965	"PML"	"no"	"no"	">1 tpm"	"no"	"out"	"no"	"no"	""	">5"
"BT-474"	"p.R408W"	"Substitution - Missense"	"ENST00000574730.5:c.1222C>T"	"16:g.2973024G>A"	"chr16"	2973024	"PKMYT1"	"no"	"no"	">1 tpm"	"no"	"out"	"no"	"no"	""	">5"
"BT-474"	"p.S1114Lfs*3"	"Deletion - Frameshift"	"ENST00000568369.5:c.3340del"	"16:g.89748667del"	"chr16"	89748667	"FANCA"	"no"	"no"	">1 tpm"	"no"	"out"	"no"	"no"	""	">5"
"BT-474"	"p.E71K"	"Substitution - Missense"	"ENST00000300658.8:c.211G>A"	"17:g.39685990C>T"	"chr17"	39685990	"PGAP3"	"no"	"no"	">1 tpm"	"no"	"out"	"no"	"no"	""	">5"
"BT-474"	"p.V1097L"	"Substitution - Missense"	"ENST00000423485.5:c.3289G>C"	"17:g.40398937C>G"	"chr17"	40398937	"TOP2A"	"yes"	"no"	">1 tpm"	"no"	"out"	"no"	"no"	"<20%"	">5"
"BT-474"	"p.F174L"	"Substitution - Missense"	"ENST00000585517.5:c.522C>G"	"17:g.42338759G>C"	"chr17"	42338759	"STAT3"	"yes"	"no"	">1 tpm"	"no"	"out"	"no"	"no"	"<20%"	">5"
"BT-474"	"p.S230L"	"Substitution - Missense"	"ENST00000259008.6:c.689C>T"	"17:g.61808696G>A"	"chr17"	61808696	"BRIP1"	"yes"	"no"	">1 tpm"	"no"	"out"	"no"	"no"	"<20%"	">5"
"BT-474"	"p.E510Q"	"Substitution - Missense"	"ENST00000327155.9:c.1528G>C"	"18:g.22993355G>C"	"chr18"	22993355	"RBBP8"	"yes"	"no"	">1 tpm"	"no"	"out"	"no"	"no"	"<20%"	">5"
"BT-474"	"p.D270N"	"Substitution - Missense"	"ENST00000542420.6:c.808G>A"	"18:g.26038558C>T"	"chr18"	26038558	"SS18"	"no"	"no"	">1 tpm"	"no"	"out"	"no"	"no"	""	">5"
"BT-474"	"p.R300Pfs*125"	"Insertion - Frameshift"	"ENST00000262966.12:c.896dup"	"19:g.4354998dup"	"chr19"	4354998	"MPND"	"no"	"no"	">1 tpm"	"no"	"out"	"no"	"no"	""	">5"
"BT-474"	"p.F241L"	"Substitution - Missense"	"ENST00000535915.5:c.723C>G"	"19:g.11107420C>G"	"chr19"	11107420	"LDLR"	"no"	"no"	">1 tpm"	"no"	"out"	"no"	"no"	""	">5"
"BT-474"	"p.T426S"	"Substitution - Missense"	"ENST00000342216.8:c.1276A>T"	"19:g.14458123A>T"	"chr19"	14458123	"PKN1"	"no"	"no"	">1 tpm"	"no"	"out"	"no"	"no"	""	">5"
"BT-474"	"p.M524I"	"Substitution - Missense"	"ENST00000360442.7:c.1572G>C"	"19:g.39177761G>C"	"chr19"	39177761	"PAK4"	"yes"	"no"	">1 tpm"	"no"	"out"	"no"	"no"	"<20%"	">5"
"BT-474"	"p.L1465V"	"Substitution - Missense"	"ENST00000160740.7:c.4393C>G"	"19:g.42294675C>G"	"chr19"	42294675	"CIC"	"no"	"no"	">1 tpm"	"no"	"out"	"no"	"no"	""	">5"
"BT-474"	"p.S1112*"	"Substitution - Nonsense"	"ENST00000409579.5:c.3335C>G"	"2:g.99558900G>C"	"chr2"	99558900	"AFF3"	"no"	"no"	">1 tpm"	"no"	"out"	"no"	"no"	""	">5"
"BT-474"	"p.S4075L"	"Substitution - Missense"	"ENST00000263816.7:c.12224C>T"	"2:g.169154531G>A"	"chr2"	169154531	"LRP2"	"yes"	"no"	">1 tpm"	"no"	"out"	"no"	"no"	"<20%"	">5"
"BT-474"	"p.P992L"	"Substitution - Missense"	"ENST00000433736.6:c.2975C>T"	"2:g.186677258C>T"	"chr2"	186677258	"ITGAV"	"no"	"no"	">1 tpm"	"no"	"out"	"no"	"no"	""	">5"
"BT-474"	"p.K156R"	"Substitution - Missense"	"ENST00000409823.7:c.467A>G"	"2:g.189818065A>G"	"chr2"	189818065	"PMS1"	"yes"	"no"	">1 tpm"	"no"	"out"	"no"	"no"	"<20%"	">5"
"BT-474"	"p.Y238*"	"Substitution - Nonsense"	"ENST00000353267.7:c.714C>A"	"2:g.207577530C>A"	"chr2"	207577530	"CREB1"	"yes"	"no"	">1 tpm"	"no"	"out"	"no"	"no"	"<20%"	">5"
"BT-474"	"p.S2255*"	"Substitution - Nonsense"	"ENST00000312358.11:c.6764C>G"	"2:g.219484227C>G"	"chr2"	219484227	"SPEG"	"no"	"no"	"<=1 tpm"	"no"	"out"	"no"	"no"	""	"<=5"
"BT-474"	"p.L1177F"	"Substitution - Missense"	"ENST00000305123.5:c.3529C>T"	"2:g.226795210G>A"	"chr2"	226795210	"IRS1"	"no"	"no"	">1 tpm"	"no"	"out"	"no"	"no"	""	">5"
"BT-474"	"p.K789del"	"Deletion - In frame"	"ENST00000371917.4:c.2367_2369del"	"20:g.48988496_48988498del"	"chr20"	48988496	"ARFGEF2"	"yes"	"no"	">1 tpm"	"no"	"out"	"no"	"no"	"<20%"	">5"
"BT-474"	"p.H61Q"	"Substitution - Missense"	"ENST00000398822.7:c.183C>G"	"22:g.21807783G>C"	"chr22"	21807783	"MAPK1"	"yes"	"no"	">1 tpm"	"no"	"out"	"no"	"no"	"<20%"	">5"
"BT-474"	"p.D50N"	"Substitution - Missense"	"ENST00000256509.6:c.148G>A"	"3:g.326015G>A"	"chr3"	326015	"CHL1"	"no"	"no"	"<=1 tpm"	"no"	"out"	"no"	"no"	""	"<=5"
"BT-474"	"p.K314*"	"Substitution - Nonsense"	"ENST00000352511.4:c.940A>T"	"3:g.38479807A>T"	"chr3"	38479807	"ACVR2B"	"no"	"no"	"<=1 tpm"	"no"	"out"	"no"	"no"	""	">5"
"BT-474"	"p.G17E"	"Substitution - Missense"	"ENST00000418115.5:c.50G>A"	"3:g.49375540C>T"	"chr3"	49375540	"RHOA"	"yes"	"no"	">1 tpm"	"no"	"out"	"no"	"no"	"<20%"	">5"
"BT-474"	"p.E720K"	"Substitution - Missense"	"ENST00000360013.7:c.2158G>A"	"3:g.124395336G>A"	"chr3"	124395336	"KALRN"	"no"	"no"	">1 tpm"	"no"	"out"	"no"	"no"	""	">5"
"BT-474"	"p.R261T"	"Substitution - Missense"	"ENST00000291478.9:c.782G>C"	"3:g.124657461G>C"	"chr3"	124657461	"KALRN"	"no"	"no"	">1 tpm"	"no"	"out"	"no"	"no"	""	">5"
"BT-474"	"p.L405F"	"Substitution - Missense"	"ENST00000356327.9:c.1213C>T"	"3:g.171699759G>A"	"chr3"	171699759	"PLD1"	"yes"	"no"	"<=1 tpm"	"no"	"out"	"no"	"no"	"<20%"	">5"
"BT-474"	"p.K111N"	"Substitution - Missense"	"ENST00000643187.1:c.333G>C"	"3:g.179199158G>C"	"chr3"	179199158	"PIK3CA"	"yes"	"yes"	">1 tpm"	"no"	"out"	"no"	"no"	"<20%"	">5"
"BT-474"	"p.G375*"	"Substitution - Nonsense"	"ENST00000261435.10:c.1123G>T"	"4:g.40102968G>T"	"chr4"	40102968	"N4BP2"	"yes"	"no"	">1 tpm"	"no"	"out"	"no"	"no"	"<20%"	">5"
"BT-474"	"p.Q81E"	"Substitution - Missense"	"ENST00000381501.7:c.241C>G"	"4:g.48176084G>C"	"chr4"	48176084	"TEC"	"no"	"no"	">1 tpm"	"no"	"out"	"no"	"no"	""	"<=5"
"BT-474"	"p.R29K"	"Substitution - Missense"	"ENST00000641020.1:c.86G>A"	"4:g.86107326C>T"	"chr4"	86107326	"MAPK10"	"no"	"no"	">1 tpm"	"no"	"out"	"no"	"no"	""	">5"
"BT-474"	"p.H122Y"	"Substitution - Missense"	"ENST00000339360.9:c.364C>T"	"4:g.98352601C>T"	"chr4"	98352601	"RAP1GDS1"	"no"	"no"	">1 tpm"	"no"	"out"	"no"	"no"	""	">5"
"BT-474"	"p.E195Q"	"Substitution - Missense"	"ENST00000226574.8:c.583G>C"	"4:g.102578892G>C"	"chr4"	102578892	"NFKB1"	"yes"	"no"	">1 tpm"	"no"	"out"	"no"	"no"	"<20%"	">5"
"BT-474"	"p.D407N"	"Substitution - Missense"	"ENST00000394706.7:c.1219G>A"	"4:g.106236404C>T"	"chr4"	106236404	"TBCK"	"no"	"no"	">1 tpm"	"no"	"out"	"no"	"no"	""	">5"
"BT-474"	"p.R270S"	"Substitution - Missense"	"ENST00000357703.6:c.810G>T"	"5:g.42718052G>T"	"chr5"	42718052	"GHR"	"no"	"no"	">1 tpm"	"no"	"out"	"no"	"no"	""	">5"
"BT-474"	"p.E384Q"	"Substitution - Missense"	"ENST00000283109.7:c.1150G>C"	"5:g.97167714C>G"	"chr5"	97167714	"RIOK2"	"yes"	"no"	">1 tpm"	"no"	"out"	"no"	"no"	"<20%"	">5"
"BT-474"	"p.E345D"	"Substitution - Missense"	"ENST00000211287.8:c.1035G>C"	"6:g.36139310G>C"	"chr6"	36139310	"MAPK13"	"yes"	"no"	">1 tpm"	"no"	"out"	"no"	"no"	"<20%"	">5"
"BT-474"	"p.S314L"	"Substitution - Missense"	"ENST00000222753.5:c.941C>T"	"7:g.27198424G>A"	"chr7"	27198424	"HOXA13"	"no"	"no"	"<=1 tpm"	"no"	"out"	"no"	"no"	""	"<=5"
"BT-474"	"p.L60V"	"Substitution - Missense"	"ENST00000619992.4:c.178C>G"	"7:g.143291643C>G"	"chr7"	143291643	"CASP2"	"yes"	"no"	">1 tpm"	"no"	"out"	"no"	"no"	"<20%"	">5"
"BT-474"	"p.E764G"	"Substitution - Missense"	"ENST00000298139.5:c.2291A>G"	"8:g.31116371A>G"	"chr8"	31116371	"WRN"	"yes"	"no"	">1 tpm"	"no"	"out"	"no"	"no"	"<20%"	">5"
"BT-474"	"p.D14H"	"Substitution - Missense"	"ENST00000429357.2:c.40G>C"	"8:g.56168230C>G"	"chr8"	56168230	"PLAG1"	"no"	"no"	"<=1 tpm"	"no"	"out"	"no"	"no"	""	"<=5"
"BT-474"	"p.Q132E"	"Substitution - Missense"	"ENST00000276616.2:c.394C>G"	"8:g.86064423G>C"	"chr8"	86064423	"PSKH2"	"no"	"no"	"<=1 tpm"	"no"	"out"	"no"	"no"	""	"<=5"
"BT-474"	"p.M989R"	"Substitution - Missense"	"ENST00000617875.4:c.2966T>G"	"8:g.144512481A>C"	"chr8"	144512481	"RECQL4"	"yes"	"no"	">1 tpm"	"no"	"out"	"no"	"no"	"<20%"	">5"
"BT-474"	"p.D568N"	"Substitution - Missense"	"ENST00000645270.1:c.1702G>A"	"X:g.20163019C>T"	"chrX"	20163019	"RPS6KA3"	"no"	"no"	">1 tpm"	"no"	"out"	"no"	"no"	""	">5"
"CAL-120"	"p.Y582Lfs*66"	"Insertion - Frameshift"	"ENST00000378633.5:c.1744dup"	"1:g.1704098dup"	"chr1"	1704098	"CDK11A"	"no"	"no"	">1 tpm"	"no"	"out"	"no"	"no"	""	">5"
"CAL-120"	"p.L1274P"	"Substitution - Missense"	"ENST00000258243.6:c.3821T>C"	"1:g.229645884T>C"	"chr1"	229645884	"URB2"	"yes"	"no"	">1 tpm"	"no"	"out"	"no"	"no"	"<20%"	">5"
"CAL-120"	"p.E817K"	"Substitution - Missense"	"ENST00000303296.8:c.2449G>A"	"11:g.33348601G>A"	"chr11"	33348601	"HIPK3"	"yes"	"no"	">1 tpm"	"no"	"out"	"no"	"no"	"<20%"	">5"
"CAL-120"	"p.S12_P13del"	"Deletion - In frame"	"ENST00000394048.9:c.35_40del"	"12:g.56128354_56128359del"	"chr12"	56128354	"ESYT1"	"yes"	"no"	">1 tpm"	"no"	"out"	"no"	"no"	"<20%"	">5"
"CAL-120"	"p.M330Ifs*60"	"Deletion - Frameshift"	"ENST00000354886.6:c.990_991del"	"14:g.61050576_61050577del"	"chr14"	61050576	"SLC38A6"	"yes"	"no"	">1 tpm"	"no"	"out"	"no"	"no"	"<20%"	">5"
"CAL-120"	"p.E129Gfs*3"	"Deletion - Frameshift"	"ENST00000403660.3:c.386_389del"	"19:g.44672926_44672929del"	"chr19"	44672926	"CEACAM19"	"yes"	"no"	">1 tpm"	"no"	"out"	"no"	"no"	"<20%"	">5"
"CAL-120"	"p.Y1664*"	"Substitution - Nonsense"	"ENST00000389484.7:c.4992C>G"	"2:g.140841040G>C"	"chr2"	140841040	"LRP1B"	"no"	"no"	"<=1 tpm"	"no"	"out"	"no"	"no"	""	"<=5"
"CAL-120"	"p.L1699_K1711del"	"Deletion - In frame"	"ENST00000373233.7:c.5095_5133del"	"20:g.41421503_41421541del"	"chr20"	41421503	"CHD6"	"no"	"no"	">1 tpm"	"no"	"out"	"no"	"no"	""	">5"
"CAL-120"	"p.T188M"	"Substitution - Missense"	"ENST00000395954.3:c.563C>T"	"20:g.54162718G>A"	"chr20"	54162718	"CYP24A1"	"no"	"no"	">1 tpm"	"no"	"out"	"no"	"no"	""	">5"
"CAL-120"	"p.R106Q"	"Substitution - Missense"	"ENST00000286301.7:c.317G>A"	"5:g.150080327C>T"	"chr5"	150080327	"CSF1R"	"no"	"no"	"<=1 tpm"	"no"	"out"	"no"	"no"	""	"<=5"
"CAL-120"	"p.R261_Q263del"	"Deletion - In frame"	"ENST00000376389.7:c.782_790del"	"6:g.30731037_30731045del"	"chr6"	30731037	"FLOT1"	"yes"	"no"	">1 tpm"	"no"	"out"	"no"	"no"	"<20%"	">5"
"CAL-120"	"p.V820Rfs*18"	"Insertion - Frameshift"	"ENST00000249344.6:c.2456_2457dup"	"7:g.129485780_129485781dup"	"chr7"	129485781	"STRIP2"	"yes"	"no"	">1 tpm"	"no"	"out"	"no"	"no"	"<20%"	">5"
"CAL-120"	"p.W122R"	"Substitution - Missense"	"ENST00000378643.7:c.364T>C"	"9:g.35078287A>G"	"chr9"	35078287	"FANCG"	"yes"	"no"	">1 tpm"	"no"	"out"	"no"	"no"	"<20%"	">5"
"CAL-120"	"p.P581Rfs*20"	"Deletion - Frameshift"	"ENST00000317613.10:c.1740del"	"9:g.113541358del"	"chr9"	113541358	"RGS3"	"no"	"no"	">1 tpm"	"no"	"out"	"no"	"no"	""	"<=5"
"CAL-120"	"p.A526T"	"Substitution - Missense"	"ENST00000376064.7:c.1576G>A"	"X:g.50193110C>T"	"chrX"	50193110	"AKAP4"	"no"	"no"	"<=1 tpm"	"no"	"out"	"no"	"no"	""	"<=5"
"CAL-148"	"p.L369P"	"Substitution - Missense"	"ENST00000321556.4:c.1106T>C"	"1:g.20645706T>C"	"chr1"	20645706	"PINK1"	"yes"	"no"	">1 tpm"	"no"	"out"	"no"	"no"	"<20%"	">5"
"CAL-148"	"p.A759V"	"Substitution - Missense"	"ENST00000369784.7:c.2276C>T"	"1:g.110341681C>T"	"chr1"	110341681	"RBM15"	"yes"	"no"	">1 tpm"	"no"	"out"	"no"	"no"	"<20%"	">5"
"CAL-148"	"p.L699V"	"Substitution - Missense"	"ENST00000368195.3:c.2095C>G"	"1:g.156845698G>C"	"chr1"	156845698	"INSRR"	"no"	"no"	"<=1 tpm"	"no"	"out"	"no"	"no"	""	"<=5"
"CAL-148"	"p.D333N"	"Substitution - Missense"	"ENST00000367468.9:c.997G>A"	"1:g.186676158C>T"	"chr1"	186676158	"PTGS2"	"no"	"no"	"<=1 tpm"	"no"	"out"	"no"	"no"	""	"<=5"
"CAL-148"	"p.H668Y"	"Substitution - Missense"	"ENST00000348564.11:c.2002C>T"	"1:g.198741950C>T"	"chr1"	198741950	"PTPRC"	"no"	"no"	"<=1 tpm"	"no"	"out"	"no"	"no"	""	"<=5"
"CAL-148"	"p.P154A"	"Substitution - Missense"	"ENST00000367157.4:c.460C>G"	"1:g.205311729G>C"	"chr1"	205311729	"NUAK2"	"no"	"no"	">1 tpm"	"no"	"out"	"no"	"no"	""	">5"
"CAL-148"	"p.R540Q"	"Substitution - Missense"	"ENST00000319653.13:c.1619G>A"	"1:g.240123182G>A"	"chr1"	240123182	"FMN2"	"no"	"no"	"<=1 tpm"	"no"	"out"	"no"	"no"	""	"<=5"
"CAL-148"	"p.Q677*"	"Substitution - Nonsense"	"ENST00000319653.13:c.2029C>T"	"1:g.240206841C>T"	"chr1"	240206841	"FMN2"	"no"	"no"	"<=1 tpm"	"no"	"out"	"no"	"no"	""	"<=5"
"CAL-148"	"p.E272Q"	"Substitution - Missense"	"ENST00000602390.5:c.814G>C"	"10:g.22328018G>C"	"chr10"	22328018	"COMMD3-BMI1"	"no"	"no"	">1 tpm"	"no"	"out"	"no"	"no"	""	">5"
"CAL-148"	"p.I253N"	"Substitution - Missense"	"ENST00000371953.7:c.758T>A"	"10:g.87957976T>A"	"chr10"	87957976	"PTEN"	"yes"	"yes"	">1 tpm"	"no"	"out"	"no"	"no"	"<20%"	">5"
"CAL-148"	"p.Q298*"	"Substitution - Nonsense"	"ENST00000371953.7:c.892C>T"	"10:g.87960984C>T"	"chr10"	87960984	"PTEN"	"yes"	"yes"	">1 tpm"	"no"	"out"	"no"	"no"	"<20%"	">5"
"CAL-148"	"p.L1395Cfs*15"	"Deletion - Frameshift"	"ENST00000358965.10:c.4182del"	"11:g.72013321del"	"chr11"	72013321	"NUMA1"	"yes"	"no"	">1 tpm"	"no"	"out"	"no"	"no"	"<20%"	">5"
"CAL-148"	"p.L181F"	"Substitution - Missense"	"ENST00000534087.3:c.543G>C"	"11:g.128782010G>C"	"chr11"	128782010	"FLI1"	"no"	"no"	"<=1 tpm"	"no"	"out"	"no"	"no"	""	"<=5"
"CAL-148"	"p.E2323K"	"Substitution - Missense"	"ENST00000243077.7:c.6967G>A"	"12:g.57187392G>A"	"chr12"	57187392	"LRP1"	"yes"	"no"	">1 tpm"	"no"	"out"	"no"	"no"	"<20%"	">5"
"CAL-148"	"p.L55F"	"Substitution - Missense"	"ENST00000574031.1:c.163C>T"	"14:g.26595527G>A"	"chr14"	26595527	"NOVA1"	"yes"	"no"	">1 tpm"	"no"	"out"	"no"	"no"	"<20%"	">5"
"CAL-148"	"p.E27K"	"Substitution - Missense"	"ENST00000566326.1:c.79G>A"	"15:g.66481793G>A"	"chr15"	66481793	"MAP2K1"	"no"	"no"	">1 tpm"	"no"	"out"	"no"	"no"	""	">5"
"CAL-148"	"p.S268_G269insA"	"Insertion - In frame"	"ENST00000575671.5:c.803_805dup"	"16:g.3664411_3664413dup"	"chr16"	3664413	"TRAP1"	"no"	"no"	">1 tpm"	"no"	"out"	"no"	"no"	""	">5"
"CAL-148"	"p.K1256del"	"Deletion - In frame"	"ENST00000576790.6:c.3766_3768del"	"16:g.15726947_15726949del"	"chr16"	15726947	"MYH11"	"yes"	"no"	"<=1 tpm"	"no"	"out"	"no"	"no"	"<20%"	">5"
"CAL-148"	"p.D402N"	"Substitution - Missense"	"ENST00000621016.4:c.1204G>A"	"16:g.68813379G>A"	"chr16"	68813379	"CDH1"	"yes"	"no"	">1 tpm"	"no"	"out"	"no"	"no"	"<20%"	">5"
"CAL-148"	"p.G3521_G3527del"	"Deletion - In frame"	"ENST00000268489.9:c.10557_10577del"	"16:g.72787716_72787736del"	"chr16"	72787716	"ZFHX3"	"no"	"no"	">1 tpm"	"no"	"in"	"no"	"no"	""	"<=5"
"CAL-148"	"p.P852L"	"Substitution - Missense"	"ENST00000282849.9:c.2555C>T"	"16:g.77300382G>A"	"chr16"	77300382	"ADAMTS18"	"no"	"no"	"<=1 tpm"	"no"	"out"	"no"	"no"	""	"<=5"
"CAL-148"	"p.Q268_Q269del"	"Deletion - In frame"	"ENST00000640861.1:c.801_806del"	"17:g.17793815_17793820del"	"chr17"	17793815	"RAI1"	"no"	"no"	">1 tpm"	"no"	"in"	"no"	"no"	""	">5"
"CAL-148"	"p.S1449C"	"Substitution - Missense"	"ENST00000423485.5:c.4346C>G"	"17:g.40390086G>C"	"chr17"	40390086	"TOP2A"	"yes"	"no"	">1 tpm"	"no"	"out"	"no"	"no"	"<20%"	">5"
"CAL-148"	"p.R74H"	"Substitution - Missense"	"ENST00000586397.5:c.221G>A"	"17:g.68522799G>A"	"chr17"	68522799	"PRKAR1A"	"yes"	"no"	">1 tpm"	"no"	"out"	"no"	"no"	"<20%"	">5"
"CAL-148"	"p.D2938N"	"Substitution - Missense"	"ENST00000389658.3:c.8812G>A"	"18:g.6947195C>T"	"chr18"	6947195	"LAMA1"	"no"	"no"	"<=1 tpm"	"no"	"out"	"no"	"no"	""	"<=5"
"CAL-148"	"p.S882F"	"Substitution - Missense"	"ENST00000361524.7:c.2645C>T"	"18:g.25225273G>A"	"chr18"	25225273	"ZNF521"	"no"	"no"	"<=1 tpm"	"no"	"out"	"no"	"no"	""	"<=5"
"CAL-148"	"p.L353Cfs*33"	"Deletion - Frameshift"	"ENST00000319801.9:c.1056_1057del"	"2:g.20290719_20290720del"	"chr2"	20290719	"PUM2"	"no"	"no"	">1 tpm"	"no"	"out"	"no"	"no"	""	">5"
"CAL-148"	"p.S238L"	"Substitution - Missense"	"ENST00000263991.9:c.713C>T"	"2:g.62858484C>T"	"chr2"	62858484	"EHBP1"	"no"	"no"	">1 tpm"	"no"	"out"	"no"	"no"	""	"<=5"
"CAL-148"	"p.E386K"	"Substitution - Missense"	"ENST00000324695.8:c.1156G>A"	"2:g.233953932G>A"	"chr2"	233953932	"TRPM8"	"no"	"no"	"<=1 tpm"	"no"	"out"	"no"	"no"	""	"<=5"
"CAL-148"	"p.E498K"	"Substitution - Missense"	"ENST00000442415.6:c.1492G>A"	"3:g.12585785C>T"	"chr3"	12585785	"RAF1"	"yes"	"no"	">1 tpm"	"no"	"out"	"no"	"no"	"<20%"	">5"
"CAL-148"	"p.G17E"	"Substitution - Missense"	"ENST00000422781.5:c.50G>A"	"3:g.49375540C>T"	"chr3"	49375540	"RHOA"	"yes"	"no"	">1 tpm"	"no"	"out"	"no"	"no"	"<20%"	">5"
"CAL-148"	"p.D641N"	"Substitution - Missense"	"ENST00000240874.7:c.1921G>A"	"3:g.124385001G>A"	"chr3"	124385001	"KALRN"	"no"	"no"	">1 tpm"	"no"	"out"	"no"	"no"	""	">5"
"CAL-148"	"p.V1354M"	"Substitution - Missense"	"ENST00000356763.7:c.4060G>A"	"3:g.130679332C>T"	"chr3"	130679332	"PIK3R4"	"yes"	"no"	">1 tpm"	"no"	"out"	"no"	"no"	"<20%"	">5"
"CAL-148"	"p.D350N"	"Substitution - Missense"	"ENST00000263967.3:c.1048G>A"	"3:g.179203778G>A"	"chr3"	179203778	"PIK3CA"	"yes"	"no"	">1 tpm"	"no"	"out"	"no"	"no"	"<20%"	">5"
"CAL-148"	"p.H1047R"	"Substitution - Missense"	"ENST00000263967.3:c.3140A>G"	"3:g.179234297A>G"	"chr3"	179234297	"PIK3CA"	"yes"	"yes"	">1 tpm"	"no"	"out"	"no"	"no"	"<20%"	">5"
"CAL-148"	"p.Q208K"	"Substitution - Missense"	"ENST00000378595.7:c.622C>A"	"5:g.132934443G>T"	"chr5"	132934443	"AFF4"	"yes"	"no"	">1 tpm"	"no"	"out"	"no"	"no"	"<20%"	">5"
"CAL-148"	"p.Y665C"	"Substitution - Missense"	"ENST00000371477.3:c.1994A>G"	"6:g.44429813A>G"	"chr6"	44429813	"CDC5L"	"yes"	"no"	">1 tpm"	"no"	"out"	"no"	"no"	"<20%"	">5"
"CAL-148"	"p.E494K"	"Substitution - Missense"	"ENST00000253332.5:c.1480G>A"	"6:g.151349871G>A"	"chr6"	151349871	"AKAP12"	"no"	"no"	"<=1 tpm"	"no"	"out"	"no"	"no"	""	"<=5"
"CAL-148"	"p.E11D"	"Substitution - Missense"	"ENST00000354667.8:c.33G>C"	"7:g.26197840C>G"	"chr7"	26197840	"HNRNPA2B1"	"no"	"no"	">1 tpm"	"no"	"out"	"no"	"no"	""	">5"
"CAL-148"	"p.E84*"	"Substitution - Nonsense"	"ENST00000645682.1:c.250G>T"	"7:g.134127617G>T"	"chr7"	134127617	"LRGUK"	"no"	"no"	"<=1 tpm"	"no"	"out"	"no"	"no"	""	"<=5"
"CAL-148"	"p.V403M"	"Substitution - Missense"	"ENST00000310447.9:c.1207G>A"	"7:g.143304763G>A"	"chr7"	143304763	"CASP2"	"yes"	"no"	">1 tpm"	"no"	"out"	"no"	"no"	"<20%"	">5"
"CAL-148"	"p.R203Gfs*70"	"Deletion - Frameshift"	"ENST00000357922.8:c.607del"	"7:g.151050178del"	"chr7"	151050178	"ASIC3"	"yes"	"no"	">1 tpm"	"no"	"out"	"no"	"no"	"<20%"	">5"
"CAL-148"	"p.R378T"	"Substitution - Missense"	"ENST00000379454.8:c.1133G>C"	"8:g.61576788C>G"	"chr8"	61576788	"ASPH"	"yes"	"no"	">1 tpm"	"no"	"out"	"no"	"no"	"<20%"	">5"
"CAL-148"	"p.S2736F"	"Substitution - Missense"	"ENST00000297405.9:c.8207C>T"	"8:g.112304780G>A"	"chr8"	112304780	"CSMD3"	"no"	"no"	"<=1 tpm"	"no"	"out"	"no"	"no"	""	"<=5"
"CAL-148"	"p.Q379*"	"Substitution - Nonsense"	"ENST00000618050.4:c.1135C>T"	"X:g.101357551G>A"	"chrX"	101357551	"BTK"	"no"	"no"	"<=1 tpm"	"no"	"out"	"no"	"no"	""	"<=5"
"CAL-148"	"p.A1471S"	"Substitution - Missense"	"ENST00000394143.5:c.4411G>T"	"X:g.136348117G>T"	"chrX"	136348117	"ADGRG4"	"no"	"no"	"<=1 tpm"	"no"	"out"	"no"	"no"	""	"<=5"
"CAL-51"	"p.K15Rfs*5"	"Deletion - Frameshift"	"ENST00000234875.8:c.44del"	"1:g.6197732del"	"chr1"	6197732	"RPL22"	"yes"	"no"	">1 tpm"	"no"	"out"	"no"	"no"	""	">5"
"CAL-51"	"p.E130Gfs*20"	"Insertion - Frameshift"	"ENST00000620676.5:c.388dup"	"1:g.12244558dup"	"chr1"	12244558	"VPS13D"	"yes"	"no"	">1 tpm"	"no"	"out"	"no"	"no"	"<20%"	">5"
"CAL-51"	"p.R1276*"	"Substitution - Nonsense"	"ENST00000324856.12:c.3826C>T"	"1:g.26773456C>T"	"chr1"	26773456	"ARID1A"	"yes"	"no"	">1 tpm"	"no"	"out"	"no"	"no"	"<20%"	">5"
"CAL-51"	"p.V179*"	"Deletion - Frameshift"	"ENST00000373014.4:c.534del"	"1:g.38019350del"	"chr1"	38019350	"UTP11"	"no"	"no"	">1 tpm"	"no"	"out"	"no"	"no"	""	">5"
"CAL-51"	"p.N326Mfs*8"	"Deletion - Frameshift"	"ENST00000372759.3:c.977del"	"1:g.40285947del"	"chr1"	40285947	"ZMPSTE24"	"yes"	"no"	">1 tpm"	"no"	"out"	"no"	"no"	"<20%"	">5"
"CAL-51"	"p.S2317Pfs*17"	"Deletion - Frameshift"	"ENST00000634258.2:c.6948del"	"1:g.43439675del"	"chr1"	43439675	"SZT2"	"yes"	"no"	">1 tpm"	"no"	"out"	"no"	"no"	"<20%"	">5"
"CAL-51"	"p.K939E"	"Substitution - Missense"	"ENST00000342505.4:c.2815A>G"	"1:g.64839630T>C"	"chr1"	64839630	"JAK1"	"yes"	"no"	">1 tpm"	"no"	"out"	"no"	"no"	"<20%"	">5"
"CAL-51"	"p.K860Nfs*16"	"Deletion - Frameshift"	"ENST00000342505.4:c.2580del"	"1:g.64841321del"	"chr1"	64841321	"JAK1"	"yes"	"no"	">1 tpm"	"no"	"out"	"no"	"no"	"<20%"	">5"
"CAL-51"	"p.T649N"	"Substitution - Missense"	"ENST00000369304.7:c.1946C>A"	"1:g.145899318G>T"	"chr1"	145899318	"ITGA10"	"yes"	"no"	"<=1 tpm"	"no"	"out"	"no"	"no"	"<20%"	">5"
"CAL-51"	"p.H733Mfs*30"	"Deletion - Frameshift"	"ENST00000324048.9:c.2197del"	"1:g.151288609del"	"chr1"	151288609	"ZNF687"	"yes"	"no"	">1 tpm"	"no"	"out"	"no"	"no"	"<20%"	">5"
"CAL-51"	"p.D1335Efs*88"	"Deletion - Frameshift"	"ENST00000614923.1:c.4005_4008del"	"1:g.152109216_152109219del"	"chr1"	152109216	"TCHH"	"yes"	"no"	"<=1 tpm"	"no"	"out"	"no"	"no"	"<20%"	">5"
"CAL-51"	"p.K1222Rfs*11"	"Deletion - Frameshift"	"ENST00000368346.7:c.3665del"	"1:g.155479211del"	"chr1"	155479211	"ASH1L"	"yes"	"no"	">1 tpm"	"no"	"out"	"no"	"no"	"<20%"	">5"
"CAL-51"	"p.E189Rfs*3"	"Deletion - Frameshift"	"ENST00000367924.1:c.564del"	"1:g.162579506del"	"chr1"	162579506	"UAP1"	"yes"	"no"	">1 tpm"	"no"	"out"	"no"	"no"	"<20%"	">5"
"CAL-51"	"p.S277Vfs*22"	"Deletion - Frameshift"	"ENST00000261455.8:c.829del"	"1:g.212375261del"	"chr1"	212375261	"NIBAN2"	"yes"	"no"	">1 tpm"	"no"	"out"	"no"	"no"	"<20%"	">5"
"CAL-51"	"p.E200del"	"Deletion - In frame"	"ENST00000456946.6:c.597_599del"	"1:g.228411108_228411110del"	"chr1"	228411108	"TRIM17"	"yes"	"no"	">1 tpm"	"no"	"out"	"no"	"no"	"<20%"	">5"
"CAL-51"	"p.S41T"	"Substitution - Missense"	"ENST00000634311.1:c.121T>A"	"10:g.486495A>T"	"chr10"	486495	"DIP2C"	"yes"	"no"	">1 tpm"	"no"	"out"	"no"	"no"	"<20%"	">5"
"CAL-51"	"p.K378E"	"Substitution - Missense"	"ENST00000602390.5:c.1132A>G"	"10:g.22329264A>G"	"chr10"	22329264	"COMMD3-BMI1"	"no"	"no"	">1 tpm"	"no"	"out"	"no"	"no"	""	">5"
"CAL-51"	"p.L786S"	"Substitution - Missense"	"ENST00000265944.10:c.2357T>C"	"10:g.26143542T>C"	"chr10"	26143542	"MYO3A"	"no"	"no"	"<=1 tpm"	"no"	"out"	"no"	"no"	""	"<=5"
"CAL-51"	"p.V290*"	"Deletion - Frameshift"	"ENST00000371953.7:c.867del"	"10:g.87960959del"	"chr10"	87960959	"PTEN"	"yes"	"no"	">1 tpm"	"no"	"out"	"no"	"no"	"<20%"	">5"
"CAL-51"	"p.N323Kfs*2"	"Insertion - Frameshift"	"ENST00000371953.7:c.968dup"	"10:g.87961060dup"	"chr10"	87961060	"PTEN"	"yes"	"no"	">1 tpm"	"no"	"out"	"no"	"no"	"<20%"	">5"
"CAL-51"	"p.L116Wfs*43"	"Deletion - Frameshift"	"ENST00000265986.10:c.347del"	"10:g.92534728del"	"chr10"	92534728	"IDE"	"no"	"no"	">1 tpm"	"no"	"out"	"no"	"no"	""	">5"
"CAL-51"	"p.I5155Nfs*4"	"Insertion - Frameshift"	"ENST00000378024.8:c.15463dup"	"11:g.62518958dup"	"chr11"	62518958	"AHNAK"	"no"	"no"	">1 tpm"	"no"	"out"	"no"	"no"	""	">5"
"CAL-51"	"p.M663V"	"Substitution - Missense"	"ENST00000361128.9:c.1987A>G"	"11:g.63909064A>G"	"chr11"	63909064	"MARK2"	"no"	"no"	">1 tpm"	"no"	"out"	"no"	"no"	""	">5"
"CAL-51"	"p.G138Afs*32"	"Deletion - Frameshift"	"ENST00000310190.8:c.413del"	"11:g.66600530del"	"chr11"	66600530	"CCS"	"no"	"no"	">1 tpm"	"no"	"out"	"no"	"no"	""	">5"
"CAL-51"	"p.L283_D294del"	"Deletion - In frame"	"ENST00000227507.2:c.847_882del"	"11:g.69651241_69651276del"	"chr11"	69651241	"CCND1"	"no"	"no"	">1 tpm"	"no"	"out"	"no"	"no"	""	">5"
"CAL-51"	"p.E1245D"	"Substitution - Missense"	"ENST00000620566.4:c.3735G>C"	"11:g.72013768C>G"	"chr11"	72013768	"NUMA1"	"yes"	"no"	">1 tpm"	"no"	"out"	"no"	"no"	"<20%"	">5"
"CAL-51"	"p.G2633Wfs*13"	"Insertion - Frameshift"	"ENST00000534358.5:c.7896dup"	"11:g.118503788dup"	"chr11"	118503788	"KMT2A"	"no"	"no"	">1 tpm"	"no"	"out"	"no"	"no"	""	">5"
"CAL-51"	"p.L371*"	"Deletion - Frameshift"	"ENST00000427383.6:c.1112del"	"11:g.125644231del"	"chr11"	125644231	"CHEK1"	"no"	"no"	">1 tpm"	"no"	"out"	"no"	"no"	""	">5"
"CAL-51"	"p.P255Hfs*43"	"Deletion - Frameshift"	"ENST00000356654.8:c.764del"	"12:g.6936031del"	"chr12"	6936031	"ATN1"	"yes"	"no"	">1 tpm"	"no"	"out"	"no"	"no"	"<20%"	">5"
"CAL-51"	"p.G652D"	"Substitution - Missense"	"ENST00000327443.8:c.1955G>A"	"12:g.53409472G>A"	"chr12"	53409472	"SP1"	"yes"	"no"	">1 tpm"	"no"	"out"	"no"	"no"	"<20%"	">5"
"CAL-51"	"p.I122Sfs*5"	"Deletion - Frameshift"	"ENST00000543672.5:c.364del"	"12:g.57535066del"	"chr12"	57535066	"DCTN2"	"no"	"no"	">1 tpm"	"no"	"out"	"no"	"no"	""	">5"
"CAL-51"	"p.S90del"	"Deletion - In frame"	"ENST00000413268.6:c.268_270del"	"12:g.96027516_96027518del"	"chr12"	96027516	"LTA4H"	"no"	"no"	">1 tpm"	"no"	"out"	"no"	"no"	""	">5"
"CAL-51"	"p.I145Hfs*12"	"Insertion - Frameshift"	"ENST00000537083.5:c.432dup"	"12:g.109808428dup"	"chr12"	109808428	"TRPV4"	"yes"	"no"	">1 tpm"	"no"	"out"	"no"	"no"	"<20%"	">5"
"CAL-51"	"p.V51M"	"Substitution - Missense"	"ENST00000257600.3:c.151G>A"	"12:g.113058343G>A"	"chr12"	113058343	"DTX1"	"no"	"no"	"<=1 tpm"	"no"	"out"	"no"	"no"	""	"<=5"
"CAL-51"	"p.A171Lfs*36"	"Deletion - Frameshift"	"ENST00000402868.7:c.509del"	"12:g.123395266del"	"chr12"	123395266	"KMT5A"	"no"	"no"	">1 tpm"	"no"	"out"	"no"	"no"	""	">5"
"CAL-51"	"p.S276Kfs*2"	"Insertion - Frameshift"	"ENST00000314759.5:c.826dup"	"13:g.21161798dup"	"chr13"	21161798	"SKA3"	"no"	"no"	">1 tpm"	"no"	"out"	"no"	"no"	""	">5"
"CAL-51"	"p.K1717Nfs*8"	"Deletion - Frameshift"	"ENST00000382292.8:c.5151del"	"13:g.23338733del"	"chr13"	23338733	"SACS"	"yes"	"no"	">1 tpm"	"no"	"out"	"no"	"no"	"<20%"	">5"
"CAL-51"	"p.R724Pfs*16"	"Insertion - Frameshift"	"ENST00000315596.14:c.2170dup"	"13:g.32732147dup"	"chr13"	32732147	"PDS5B"	"yes"	"no"	">1 tpm"	"no"	"out"	"no"	"no"	"<20%"	">5"
"CAL-51"	"p.N108Kfs*20"	"Insertion - Frameshift"	"ENST00000378195.6:c.323dup"	"13:g.49921536dup"	"chr13"	49921536	"SPRYD7"	"no"	"no"	">1 tpm"	"no"	"out"	"no"	"no"	""	">5"
"CAL-51"	"p.R2352Dfs*3"	"Deletion - Frameshift"	"ENST00000643469.1:c.7054del"	"14:g.21391477del"	"chr14"	21391477	"CHD8"	"yes"	"no"	">1 tpm"	"no"	"out"	"no"	"no"	"<20%"	">5"
"CAL-51"	"p.L594Cfs*22"	"Deletion - Frameshift"	"ENST00000553728.1:c.1781del"	"14:g.39277046del"	"chr14"	39277046	"MIA2"	"no"	"no"	">1 tpm"	"no"	"out"	"no"	"no"	""	">5"
"CAL-51"	"p.N380Ifs*3"	"Deletion - Frameshift"	"ENST00000627697.1:c.1139del"	"14:g.45242045del"	"chr14"	45242045	"MIS18BP1"	"no"	"no"	">1 tpm"	"no"	"out"	"no"	"no"	""	">5"
"CAL-51"	"p.Y183Lfs*49"	"Insertion - Frameshift"	"ENST00000329153.9:c.546dup"	"14:g.67562177dup"	"chr14"	67562177	"PLEKHH1"	"no"	"no"	">1 tpm"	"no"	"out"	"no"	"no"	""	">5"
"CAL-51"	"p.K58N"	"Substitution - Missense"	"ENST00000341211.5:c.174G>C"	"14:g.77822473G>C"	"chr14"	77822473	"ADCK1"	"yes"	"no"	">1 tpm"	"no"	"out"	"no"	"no"	"<20%"	">5"
"CAL-51"	"p.S627Lfs*18"	"Insertion - Frameshift"	"ENST00000406191.5:c.1877dup"	"14:g.105469908dup"	"chr14"	105469908	"MTA1"	"no"	"no"	">1 tpm"	"no"	"out"	"no"	"no"	""	">5"
"CAL-51"	"p.R1469L"	"Substitution - Missense"	"ENST00000316623.9:c.4406G>T"	"15:g.48470687C>A"	"chr15"	48470687	"FBN1"	"yes"	"no"	">1 tpm"	"no"	"out"	"no"	"no"	"<20%"	">5"
"CAL-51"	"p.P474Qfs*91"	"Deletion - Frameshift"	"ENST00000394987.4:c.1421del"	"15:g.75207469del"	"chr15"	75207469	"C15orf39"	"yes"	"no"	">1 tpm"	"no"	"out"	"no"	"no"	"<20%"	">5"
"CAL-51"	"p.H842Tfs*47"	"Deletion - Frameshift"	"ENST00000336292.10:c.2523del"	"15:g.99130883del"	"chr15"	99130883	"SYNM"	"yes"	"no"	">1 tpm"	"no"	"out"	"no"	"no"	"<20%"	">5"
"CAL-51"	"p.V250Wfs*33"	"Deletion - Frameshift"	"ENST00000294016.7:c.748del"	"16:g.4114699del"	"chr16"	4114699	"ADCY9"	"yes"	"no"	">1 tpm"	"no"	"out"	"no"	"no"	"<20%"	">5"
"CAL-51"	"p.Q171Rfs*47"	"Deletion - Frameshift"	"ENST00000262133.10:c.510del"	"16:g.53442796del"	"chr16"	53442796	"RBL2"	"yes"	"no"	">1 tpm"	"no"	"out"	"no"	"no"	"<20%"	">5"
"CAL-51"	"p.N131Tfs*3"	"Deletion - Frameshift"	"ENST00000262135.9:c.392del"	"16:g.53692207del"	"chr16"	53692207	"RPGRIP1L"	"no"	"no"	">1 tpm"	"no"	"out"	"no"	"no"	""	">5"
"CAL-51"	"p.V268Cfs*38"	"Deletion - Frameshift"	"ENST00000564010.5:c.802del"	"16:g.58671211del"	"chr16"	58671211	"SLC38A7"	"no"	"no"	">1 tpm"	"no"	"out"	"no"	"no"	""	">5"
"CAL-51"	"p.G699Afs*125"	"Deletion - Frameshift"	"ENST00000268489.9:c.2096del"	"16:g.72958055del"	"chr16"	72958055	"ZFHX3"	"yes"	"no"	">1 tpm"	"no"	"out"	"no"	"no"	"<20%"	">5"
"CAL-51"	"p.A1009V"	"Substitution - Missense"	"ENST00000360416.7:c.3026C>T"	"17:g.8509876G>A"	"chr17"	8509876	"MYH10"	"yes"	"no"	">1 tpm"	"no"	"out"	"no"	"no"	"<20%"	">5"
"CAL-51"	"p.G276D"	"Substitution - Missense"	"ENST00000415385.7:c.827G>A"	"17:g.12113341G>A"	"chr17"	12113341	"MAP2K4"	"no"	"no"	">1 tpm"	"no"	"out"	"no"	"no"	""	">5"
"CAL-51"	"p.K244Rfs*38"	"Deletion - Frameshift"	"ENST00000269593.4:c.731del"	"17:g.40456537del"	"chr17"	40456537	"IGFBP4"	"yes"	"no"	">1 tpm"	"no"	"out"	"no"	"no"	"<20%"	">5"
"CAL-51"	"p.H261Tfs*29"	"Deletion - Frameshift"	"ENST00000537529.6:c.781del"	"17:g.58213034del"	"chr17"	58213034	"MKS1"	"no"	"no"	">1 tpm"	"no"	"out"	"no"	"no"	""	">5"
"CAL-51"	"p.N44Kfs*4"	"Insertion - Frameshift"	"ENST00000622299.4:c.131dup"	"17:g.81683117dup"	"chr17"	81683117	"ARL16"	"yes"	"no"	">1 tpm"	"no"	"out"	"no"	"no"	"<20%"	">5"
"CAL-51"	"p.F504L"	"Substitution - Missense"	"ENST00000389658.3:c.1510T>C"	"18:g.7038863A>G"	"chr18"	7038863	"LAMA1"	"no"	"no"	"<=1 tpm"	"no"	"out"	"no"	"no"	""	"<=5"
"CAL-51"	"p.T99Lfs*90"	"Deletion - Frameshift"	"ENST00000262127.6:c.295del"	"18:g.12699837del"	"chr18"	12699837	"CEP76"	"no"	"no"	">1 tpm"	"no"	"out"	"no"	"no"	""	">5"
"CAL-51"	"p.H775Lfs*31"	"Deletion - Frameshift"	"ENST00000434248.5:c.2324del"	"19:g.40034535del"	"chr19"	40034535	"ZNF780B"	"yes"	"no"	">1 tpm"	"no"	"out"	"no"	"no"	"<20%"	">5"
"CAL-51"	"p.R225Gfs*2"	"Deletion - Frameshift"	"ENST00000253237.9:c.673del"	"19:g.48450517del"	"chr19"	48450517	"GRWD1"	"no"	"no"	">1 tpm"	"no"	"out"	"no"	"no"	""	">5"
"CAL-51"	"p.G7Vfs*18"	"Deletion - Frameshift"	"ENST00000376916.7:c.18del"	"19:g.50514494del"	"chr19"	50514494	"ASPDH"	"no"	"no"	"<=1 tpm"	"no"	"out"	"no"	"no"	""	"<=5"
"CAL-51"	"p.S530Lfs*40"	"Deletion - Frameshift"	"ENST00000414468.2:c.1587del"	"19:g.57254406del"	"chr19"	57254406	"ZNF805"	"yes"	"no"	">1 tpm"	"no"	"out"	"no"	"no"	"<20%"	">5"
"CAL-51"	"p.F367Lfs*100"	"Deletion - Frameshift"	"ENST00000598770.5:c.1101del"	"19:g.57507199del"	"chr19"	57507199	"ZNF773"	"no"	"no"	">1 tpm"	"no"	"out"	"no"	"no"	""	">5"
"CAL-51"	"p.R206L"	"Substitution - Missense"	"ENST00000382201.7:c.617G>T"	"2:g.1456080G>T"	"chr2"	1456080	"TPO"	"no"	"no"	"<=1 tpm"	"no"	"out"	"no"	"no"	""	"<=5"
"CAL-51"	"p.S188Hfs*12"	"Deletion - Frameshift"	"ENST00000486442.5:c.561del"	"2:g.23642471del"	"chr2"	23642471	"KLHL29"	"yes"	"no"	">1 tpm"	"no"	"out"	"no"	"no"	"<20%"	">5"
"CAL-51"	"p.R514W"	"Substitution - Missense"	"ENST00000379863.7:c.1540C>T"	"2:g.27441720C>T"	"chr2"	27441720	"NRBP1"	"no"	"no"	">1 tpm"	"no"	"out"	"no"	"no"	""	">5"
"CAL-51"	"p.K732N"	"Substitution - Missense"	"ENST00000618119.4:c.2196G>T"	"2:g.29223374C>A"	"chr2"	29223374	"ALK"	"no"	"no"	"<=1 tpm"	"no"	"out"	"no"	"no"	""	"<=5"
"CAL-51"	"p.D43Rfs*11"	"Insertion - Frameshift"	"ENST00000640075.1:c.126dup"	"2:g.63857840dup"	"chr2"	63857840	"UGP2"	"no"	"no"	">1 tpm"	"no"	"out"	"no"	"no"	""	">5"
"CAL-51"	"p.E226Dfs*4"	"Deletion - Frameshift"	"ENST00000272342.5:c.678_679del"	"2:g.67403360_67403361del"	"chr2"	67403360	"ETAA1"	"yes"	"no"	">1 tpm"	"no"	"out"	"no"	"no"	"<20%"	">5"
"CAL-51"	"p.S802Afs*7"	"Deletion - Frameshift"	"ENST00000295321.8:c.2404del"	"2:g.127481106del"	"chr2"	127481106	"IWS1"	"yes"	"no"	">1 tpm"	"no"	"out"	"no"	"no"	"<20%"	">5"
"CAL-51"	"p.E828Kfs*27"	"Deletion - Frameshift"	"ENST00000263635.7:c.2482del"	"2:g.159179135del"	"chr2"	159179135	"TANC1"	"yes"	"no"	">1 tpm"	"no"	"out"	"no"	"no"	"<20%"	">5"
"CAL-51"	"p.M103Nfs*6"	"Insertion - Frameshift"	"ENST00000409676.5:c.307dup"	"2:g.187496899dup"	"chr2"	187496899	"TFPI"	"no"	"no"	">1 tpm"	"no"	"out"	"no"	"no"	""	">5"
"CAL-51"	"p.H598Tfs*38"	"Deletion - Frameshift"	"ENST00000305123.5:c.1791del"	"2:g.226796955del"	"chr2"	226796955	"IRS1"	"yes"	"no"	">1 tpm"	"no"	"out"	"no"	"no"	"<20%"	">5"
"CAL-51"	"p.G541Vfs*36"	"Deletion - Frameshift"	"ENST00000396578.7:c.1620del"	"2:g.227270814del"	"chr2"	227270814	"COL4A3"	"yes"	"no"	"<=1 tpm"	"no"	"out"	"no"	"no"	"<20%"	">5"
"CAL-51"	"p.S758G"	"Substitution - Missense"	"ENST00000345617.7:c.2272A>G"	"2:g.239090110T>C"	"chr2"	239090110	"HDAC4"	"no"	"no"	">1 tpm"	"no"	"out"	"no"	"no"	""	">5"
"CAL-51"	"p.P273Qfs*87"	"Deletion - Frameshift"	"ENST00000354488.7:c.818del"	"20:g.3190783del"	"chr20"	3190783	"DDRGK1"	"yes"	"no"	">1 tpm"	"no"	"out"	"no"	"no"	"<20%"	">5"
"CAL-51"	"p.K912Rfs*21"	"Deletion - Frameshift"	"ENST00000374012.7:c.2735del"	"20:g.35940886del"	"chr20"	35940886	"PHF20"	"yes"	"no"	">1 tpm"	"no"	"out"	"no"	"no"	"<20%"	">5"
"CAL-51"	"p.E1024Afs*7"	"Deletion - Frameshift"	"ENST00000371602.9:c.3071_3072del"	"20:g.50891646_50891647del"	"chr20"	50891646	"ADNP"	"yes"	"no"	">1 tpm"	"no"	"out"	"no"	"no"	"<20%"	">5"
"CAL-51"	"p.E5Sfs*35"	"Deletion - Frameshift"	"ENST00000396009.7:c.12del"	"20:g.51542492del"	"chr20"	51542492	"NFATC2"	"yes"	"no"	">1 tpm"	"no"	"out"	"no"	"no"	"<20%"	">5"
"CAL-51"	"p.R200Efs*55"	"Deletion - Frameshift"	"ENST00000354250.6:c.598del"	"21:g.42903610del"	"chr21"	42903610	"NDUFV3"	"yes"	"no"	">1 tpm"	"no"	"out"	"yes"	"no"	"<20%"	">5"
"CAL-51"	"p.A1192T"	"Substitution - Missense"	"ENST00000302326.4:c.3574G>A"	"22:g.27796970C>T"	"chr22"	27796970	"MN1"	"yes"	"no"	">1 tpm"	"no"	"out"	"no"	"no"	"<20%"	">5"
"CAL-51"	"p.G173Afs*11"	"Deletion - Frameshift"	"ENST00000215790.11:c.518del"	"22:g.30295749del"	"chr22"	30295749	"TBC1D10A"	"no"	"no"	">1 tpm"	"no"	"out"	"no"	"no"	""	">5"
"CAL-51"	"p.A1692V"	"Substitution - Missense"	"ENST00000216181.10:c.5075C>T"	"22:g.36285940G>A"	"chr22"	36285940	"MYH9"	"yes"	"no"	">1 tpm"	"no"	"out"	"no"	"no"	"<20%"	">5"
"CAL-51"	"p.A140Cfs*18"	"Insertion - Frameshift"	"ENST00000358781.6:c.416dup"	"3:g.58637188dup"	"chr3"	58637188	"FAM3D"	"no"	"no"	"<=1 tpm"	"no"	"out"	"no"	"no"	""	"<=5"
"CAL-51"	"p.R182H"	"Substitution - Missense"	"ENST00000470610.6:c.545G>A"	"3:g.96987424G>A"	"chr3"	96987424	"EPHA6"	"no"	"no"	"<=1 tpm"	"no"	"out"	"no"	"no"	""	"<=5"
"CAL-51"	"p.E542K"	"Substitution - Missense"	"ENST00000643187.1:c.1624G>A"	"3:g.179218294G>A"	"chr3"	179218294	"PIK3CA"	"yes"	"yes"	">1 tpm"	"no"	"out"	"no"	"no"	"<20%"	">5"
"CAL-51"	"p.I633Hfs*5"	"Insertion - Frameshift"	"ENST00000263966.7:c.1896dup"	"3:g.179754829dup"	"chr3"	179754829	"USP13"	"yes"	"no"	">1 tpm"	"no"	"out"	"no"	"no"	"<20%"	">5"
"CAL-51"	"p.A56Cfs*14"	"Insertion - Frameshift"	"ENST00000392499.6:c.165dup"	"3:g.186539456dup"	"chr3"	186539456	"CRYGS"	"yes"	"no"	">1 tpm"	"no"	"out"	"no"	"no"	"<20%"	">5"
"CAL-51"	"p.S225Vfs*78"	"Deletion - Frameshift"	"ENST00000226299.8:c.673del"	"4:g.17585105del"	"chr4"	17585105	"LAP3"	"no"	"no"	">1 tpm"	"no"	"out"	"no"	"no"	""	">5"
"CAL-51"	"p.S718Cfs*27"	"Deletion - Frameshift"	"ENST00000639658.1:c.2153_2154del"	"4:g.57020953_57020954del"	"chr4"	57020953	"POLR2B"	"no"	"no"	">1 tpm"	"no"	"out"	"no"	"no"	""	">5"
"CAL-51"	"p.K630Rfs*67"	"Deletion - Frameshift"	"ENST00000512123.3:c.1887del"	"4:g.78317435del"	"chr4"	78317435	"FRAS1"	"no"	"no"	">1 tpm"	"no"	"out"	"no"	"no"	""	">5"
"CAL-51"	"p.K166Nfs*28"	"Deletion - Frameshift"	"ENST00000296509.10:c.498del"	"4:g.120060242del"	"chr4"	120060242	"MAD2L1"	"yes"	"no"	">1 tpm"	"no"	"out"	"no"	"no"	"<20%"	">5"
"CAL-51"	"p.M265*"	"Deletion - Frameshift"	"ENST00000296519.6:c.793del"	"4:g.174309964del"	"chr4"	174309964	"CEP44"	"yes"	"no"	">1 tpm"	"no"	"out"	"no"	"no"	"<20%"	">5"
"CAL-51"	"p.L958Cfs*6"	"Deletion - Frameshift"	"ENST00000508244.5:c.2873del"	"5:g.37213609del"	"chr5"	37213609	"CPLANE1"	"yes"	"no"	">1 tpm"	"no"	"out"	"no"	"no"	"<20%"	">5"
"CAL-51"	"p.Q228Sfs*7"	"Insertion - Frameshift"	"ENST00000453514.5:c.681dup"	"5:g.79642840dup"	"chr5"	79642840	"TENT2"	"no"	"no"	">1 tpm"	"no"	"out"	"no"	"no"	""	">5"
"CAL-51"	"p.W592Lfs*15"	"Insertion - Frameshift"	"ENST00000265334.8:c.1772dup"	"5:g.134298665dup"	"chr5"	134298665	"CDKL3"	"no"	"no"	">1 tpm"	"no"	"out"	"no"	"no"	""	"<=5"
"CAL-51"	"p.K341Rfs*8"	"Deletion - Frameshift"	"ENST00000358337.9:c.1022del"	"5:g.140669524del"	"chr5"	140669524	"WDR55"	"yes"	"no"	">1 tpm"	"no"	"out"	"no"	"no"	""	">5"
"CAL-51"	"p.Q512Rfs*2"	"Deletion - Frameshift"	"ENST00000333677.6:c.1534del"	"5:g.149627145del"	"chr5"	149627145	"ARHGEF37"	"no"	"no"	"<=1 tpm"	"no"	"out"	"no"	"no"	""	"<=5"
"CAL-51"	"p.G714Vfs*57"	"Deletion - Frameshift"	"ENST00000347982.8:c.2141del"	"5:g.177211347del"	"chr5"	177211347	"NSD1"	"no"	"no"	">1 tpm"	"no"	"out"	"no"	"no"	""	">5"
"CAL-51"	"p.R1930C"	"Substitution - Missense"	"ENST00000347982.8:c.5788C>T"	"5:g.177293963C>T"	"chr5"	177293963	"NSD1"	"no"	"no"	">1 tpm"	"no"	"out"	"no"	"no"	""	">5"
"CAL-51"	"p.H394Qfs*39"	"Deletion - Frameshift"	"ENST00000253496.3:c.1182_1183del"	"5:g.177403928_177403929del"	"chr5"	177403928	"F12"	"yes"	"no"	"<=1 tpm"	"no"	"out"	"no"	"no"	"<20%"	">5"
"CAL-51"	"p.Q72_Q73del"	"Deletion - In frame"	"ENST00000326195.12:c.210_215del"	"6:g.30577907_30577912del"	"chr6"	30577907	"ABCF1"	"no"	"no"	">1 tpm"	"no"	"out"	"no"	"no"	""	">5"
"CAL-51"	"p.S258Pfs*37"	"Deletion - Frameshift"	"ENST00000375530.8:c.768del"	"6:g.31892506del"	"chr6"	31892506	"EHMT2"	"yes"	"no"	">1 tpm"	"no"	"out"	"no"	"no"	"<20%"	">5"
"CAL-51"	"p.S208Pfs*4"	"Deletion - Frameshift"	"ENST00000483722.1:c.621del"	"6:g.41194592del"	"chr6"	41194592	"TREML2"	"no"	"no"	"<=1 tpm"	"no"	"out"	"no"	"no"	""	"<=5"
"CAL-51"	"p.S611Pfs*19"	"Deletion - Frameshift"	"ENST00000541110.5:c.1830del"	"6:g.42263378del"	"chr6"	42263378	"TRERF1"	"no"	"no"	">1 tpm"	"no"	"out"	"no"	"no"	""	">5"
"CAL-51"	"p.L1499Wfs*8"	"Deletion - Frameshift"	"ENST00000370788.6:c.4496del"	"6:g.56611532del"	"chr6"	56611532	"DST"	"no"	"no"	">1 tpm"	"no"	"out"	"no"	"no"	""	"<=5"
"CAL-51"	"p.K857Nfs*36"	"Deletion - Frameshift"	"ENST00000369798.6:c.2571del"	"6:g.80042199del"	"chr6"	80042199	"TTK"	"no"	"no"	">1 tpm"	"no"	"out"	"no"	"no"	""	">5"
"CAL-51"	"p.K196N"	"Substitution - Missense"	"ENST00000239374.7:c.588G>T"	"6:g.151544716G>T"	"chr6"	151544716	"CCDC170"	"no"	"no"	"<=1 tpm"	"no"	"out"	"no"	"no"	""	"<=5"
"CAL-51"	"p.D1865*"	"Insertion - Frameshift"	"ENST00000636930.1:c.5591dup"	"6:g.157206612dup"	"chr6"	157206612	"ARID1B"	"no"	"no"	">1 tpm"	"no"	"out"	"no"	"no"	""	">5"
"CAL-51"	"p.L304Sfs*16"	"Deletion - Frameshift"	"ENST00000397088.3:c.910del"	"7:g.1092638del"	"chr7"	1092638	"GPER1"	"yes"	"no"	"<=1 tpm"	"no"	"out"	"no"	"no"	"<20%"	">5"
"CAL-51"	"p.K624Nfs*5"	"Deletion - Frameshift"	"ENST00000389297.8:c.1872del"	"7:g.90299881del"	"chr7"	90299881	"CFAP69"	"yes"	"no"	">1 tpm"	"no"	"out"	"no"	"no"	"<20%"	">5"
"CAL-51"	"p.D2988Gfs*2"	"Insertion - Frameshift"	"ENST00000423902.6:c.8962dup"	"8:g.60865901dup"	"chr8"	60865901	"CHD7"	"yes"	"no"	">1 tpm"	"no"	"out"	"no"	"no"	"<20%"	">5"
"CAL-51"	"p.E290D"	"Substitution - Missense"	"ENST00000378204.6:c.870G>T"	"8:g.118110177C>A"	"chr8"	118110177	"EXT1"	"yes"	"no"	">1 tpm"	"no"	"out"	"no"	"no"	"<20%"	">5"
"CAL-51"	"p.I266Sfs*12"	"Deletion - Frameshift"	"ENST00000645548.1:c.789del"	"8:g.144467966del"	"chr8"	144467966	"KIFC2"	"no"	"no"	">1 tpm"	"no"	"out"	"no"	"no"	""	">5"
"CAL-51"	"p.K758del"	"Deletion - In frame"	"ENST00000402558.6:c.2272_2274del"	"9:g.34257335_34257337del"	"chr9"	34257335	"KIF24"	"yes"	"no"	">1 tpm"	"no"	"out"	"no"	"no"	"<20%"	">5"
"CAL-51"	"p.R566Q"	"Substitution - Missense"	"ENST00000375715.5:c.1697G>A"	"9:g.91724377C>T"	"chr9"	91724377	"ROR2"	"no"	"no"	"<=1 tpm"	"no"	"out"	"no"	"no"	""	"<=5"
"CAL-51"	"p.K492Rfs*6"	"Deletion - Frameshift"	"ENST00000359246.8:c.1475del"	"9:g.93660337del"	"chr9"	93660337	"PHF2"	"yes"	"no"	">1 tpm"	"no"	"out"	"no"	"no"	"<20%"	">5"
"CAL-51"	"p.K1802Sfs*9"	"Deletion - Frameshift"	"ENST00000238341.9:c.5405del"	"9:g.121162253del"	"chr9"	121162253	"CNTRL"	"yes"	"no"	">1 tpm"	"no"	"out"	"no"	"no"	"<20%"	">5"
"CAL-51"	"p.V42Lfs*15"	"Deletion - Frameshift"	"ENST00000361436.9:c.123del"	"9:g.127449703del"	"chr9"	127449703	"RPL12"	"no"	"no"	">1 tpm"	"no"	"out"	"no"	"no"	""	">5"
"CAL-51"	"p.G586Afs*154"	"Deletion - Frameshift"	"ENST00000373314.7:c.1757del"	"9:g.127507294del"	"chr9"	127507294	"PACC1"	"no"	"no"	">1 tpm"	"no"	"out"	"no"	"no"	""	">5"
"CAL-51"	"p.G369Efs*21"	"Deletion - Frameshift"	"ENST00000372577.2:c.1106del"	"9:g.128970951del"	"chr9"	128970951	"NUP188"	"no"	"no"	">1 tpm"	"no"	"out"	"no"	"no"	""	">5"
"CAL-51"	"p.L111Pfs*70"	"Insertion - Frameshift"	"ENST00000481739.1:c.331dup"	"9:g.134408200dup"	"chr9"	134408200	"RXRA"	"yes"	"no"	">1 tpm"	"no"	"out"	"no"	"no"	"<20%"	">5"
"CAL-51"	"p.V898Sfs*56"	"Deletion - Frameshift"	"ENST00000604351.5:c.2692del"	"9:g.135487202del"	"chr9"	135487202	"PPP1R26"	"yes"	"no"	">1 tpm"	"no"	"out"	"no"	"no"	"<20%"	">5"
"CAL-51"	"p.T178Rfs*8"	"Deletion - Frameshift"	"ENST00000429584.2:c.532del"	"X:g.21857016del"	"chrX"	21857016	"YY2"	"yes"	"no"	">1 tpm"	"no"	"out"	"no"	"no"	"<20%"	">5"
"CAL-51"	"p.P1681Qfs*20"	"Deletion - Frameshift"	"ENST00000540052.5:c.5042del"	"X:g.130056042del"	"chrX"	130056042	"BCORL1"	"no"	"no"	">1 tpm"	"no"	"out"	"no"	"no"	""	">5"
"CAL-51"	"p.G1013C"	"Substitution - Missense"	"ENST00000369850.8:c.3037G>T"	"X:g.154361478C>A"	"chrX"	154361478	"FLNA"	"no"	"no"	">1 tpm"	"no"	"out"	"no"	"no"	""	">5"
"CAL-85-1"	"p.G696A"	"Substitution - Missense"	"ENST00000234739.7:c.2087G>C"	"1:g.147620242G>C"	"chr1"	147620242	"BCL9"	"yes"	"no"	">1 tpm"	"no"	"out"	"no"	"no"	"<20%"	">5"
"CAL-85-1"	"p.R163_N169del"	"Deletion - In frame"	"ENST00000368874.8:c.487_507del"	"1:g.151315980_151316000del"	"chr1"	151315980	"PI4KB"	"no"	"no"	">1 tpm"	"no"	"out"	"no"	"no"	""	">5"
"CAL-85-1"	"p.T2974M"	"Substitution - Missense"	"ENST00000377833.8:c.8921C>T"	"10:g.16877082G>A"	"chr10"	16877082	"CUBN"	"no"	"no"	"<=1 tpm"	"no"	"out"	"no"	"no"	""	"<=5"
"CAL-85-1"	"p.R46P"	"Substitution - Missense"	"ENST00000433892.6:c.137G>C"	"11:g.35176644G>C"	"chr11"	35176644	"CD44"	"yes"	"no"	">1 tpm"	"no"	"out"	"no"	"no"	"<20%"	">5"
"CAL-85-1"	"p.G629V"	"Substitution - Missense"	"ENST00000428726.7:c.1886G>T"	"11:g.35219328G>T"	"chr11"	35219328	"CD44"	"no"	"no"	">1 tpm"	"no"	"out"	"no"	"no"	""	">5"
"CAL-85-1"	"p.F763S"	"Substitution - Missense"	"ENST00000540815.2:c.2288T>C"	"12:g.71584370T>C"	"chr12"	71584370	"LGR5"	"no"	"no"	"<=1 tpm"	"no"	"out"	"no"	"no"	""	"<=5"
"CAL-85-1"	"p.S1461Pfs*2"	"Deletion - Frameshift"	"ENST00000380152.7:c.4381del"	"13:g.32338736del"	"chr13"	32338736	"BRCA2"	"no"	"no"	">1 tpm"	"no"	"out"	"no"	"no"	""	">5"
"CAL-85-1"	"p.D5Efs*23"	"Insertion - Frameshift"	"ENST00000375669.7:c.14dup"	"13:g.112587967dup"	"chr13"	112587967	"TUBGCP3"	"yes"	"no"	">1 tpm"	"no"	"out"	"no"	"no"	"<20%"	">5"
"CAL-85-1"	"p.Q250_Q254dup"	"Insertion - In frame"	"ENST00000393287.9:c.748_762dup"	"14:g.92071020_92071034dup"	"chr14"	92071034	"ATXN3"	"no"	"no"	">1 tpm"	"no"	"in"	"yes"	"no"	""	">5"
"CAL-85-1"	"p.Q301_Q305dup"	"Insertion - In frame"	"ENST00000558190.6:c.890_891insGCAGCAGCAGCAGCA"	"14:g.92071042_92071043insGCTGCTGCTGCTGCT"	"chr14"	92071042	"ATXN3"	"no"	"no"	">1 tpm"	"no"	"in"	"no"	"no"	""	">5"
"CAL-85-1"	"p.V666G"	"Substitution - Missense"	"ENST00000361246.6:c.1997T>G"	"14:g.102968715A>C"	"chr14"	102968715	"CDC42BPB"	"yes"	"no"	">1 tpm"	"no"	"out"	"no"	"no"	"<20%"	">5"
"CAL-85-1"	"p.A35Gfs*4"	"Insertion - Frameshift"	"ENST00000565637.5:c.103dup"	"16:g.71478273dup"	"chr16"	71478273	"ZNF19"	"no"	"no"	">1 tpm"	"no"	"out"	"no"	"no"	""	">5"
"CAL-85-1"	"p.G701R"	"Substitution - Missense"	"ENST00000308249.3:c.2101G>C"	"17:g.58980864G>C"	"chr17"	58980864	"PPM1E"	"yes"	"no"	"<=1 tpm"	"no"	"out"	"no"	"no"	"<20%"	">5"
"CAL-85-1"	"p.N64Kfs*6"	"Insertion - Frameshift"	"ENST00000594466.5:c.191dup"	"19:g.23920047dup"	"chr19"	23920047	"ZNF726"	"yes"	"no"	">1 tpm"	"no"	"out"	"no"	"no"	"<20%"	">5"
"CAL-85-1"	"p.M1017T"	"Substitution - Missense"	"ENST00000436443.5:c.3050T>C"	"2:g.211420526A>G"	"chr2"	211420526	"ERBB4"	"no"	"no"	"<=1 tpm"	"no"	"out"	"no"	"no"	""	"<=5"
"CAL-85-1"	"p.W300Lfs*57"	"Insertion - Frameshift"	"ENST00000416983.7:c.898dup"	"22:g.37469989dup"	"chr22"	37469989	"MFNG"	"no"	"no"	">1 tpm"	"no"	"out"	"no"	"no"	""	">5"
"CAL-85-1"	"p.P595L"	"Substitution - Missense"	"ENST00000454366.1:c.1784C>T"	"22:g.46328747C>T"	"chr22"	46328747	"GTSE1"	"yes"	"no"	">1 tpm"	"no"	"out"	"no"	"no"	"<20%"	">5"
"CAL-85-1"	"p.Q1873_N1885del"	"Deletion - In frame"	"ENST00000614479.4:c.5618_5656del"	"3:g.121694629_121694667del"	"chr3"	121694629	"GOLGB1"	"no"	"no"	">1 tpm"	"no"	"out"	"no"	"no"	""	">5"
"CAL-85-1"	"p.I109Mfs*20"	"Deletion - Frameshift"	"ENST00000484866.5:c.324_330del"	"3:g.179333288_179333294del"	"chr3"	179333288	"ZNF639"	"yes"	"no"	">1 tpm"	"no"	"out"	"no"	"no"	"<20%"	">5"
"CAL-85-1"	"p.K1074T"	"Substitution - Missense"	"ENST00000346169.6:c.3221A>C"	"3:g.184325950A>C"	"chr3"	184325950	"EIF4G1"	"yes"	"no"	">1 tpm"	"no"	"out"	"no"	"no"	"<20%"	">5"
"CAL-85-1"	"p.I45_G46delinsR"	"Deletion - In frame"	"ENST00000396679.5:c.134_136del"	"5:g.65552525_65552527del"	"chr5"	65552525	"CENPK"	"yes"	"no"	">1 tpm"	"no"	"out"	"no"	"no"	"<20%"	">5"
"CAL-85-1"	"p.K1035del"	"Deletion - In frame"	"ENST00000375394.6:c.3103_3105del"	"6:g.31968719_31968721del"	"chr6"	31968719	"SKIV2L"	"yes"	"no"	">1 tpm"	"no"	"out"	"no"	"no"	"<20%"	">5"
"CAL-85-1"	"p.I271F"	"Substitution - Missense"	"ENST00000265728.5:c.811A>T"	"7:g.87900765A>T"	"chr7"	87900765	"DBF4"	"yes"	"no"	">1 tpm"	"no"	"out"	"no"	"no"	"<20%"	">5"
"CAL-85-1"	"p.T1276I"	"Substitution - Missense"	"ENST00000357162.6:c.3827C>T"	"8:g.99481759C>T"	"chr8"	99481759	"VPS13B"	"yes"	"no"	">1 tpm"	"no"	"out"	"no"	"no"	"<20%"	">5"
"CAL-85-1"	"p.G2810Sfs*43"	"Deletion - Frameshift"	"ENST00000436759.6:c.8427_8469del"	"8:g.143921434_143921476del"	"chr8"	143921434	"PLEC"	"no"	"no"	">1 tpm"	"no"	"out"	"no"	"no"	""	">5"
"COLO-824"	"p.E205Sfs*13"	"Deletion - Frameshift"	"ENST00000209884.4:c.612del"	"1:g.173751778del"	"chr1"	173751778	"KLHL20"	"no"	"no"	">1 tpm"	"no"	"out"	"no"	"no"	""	">5"
"COLO-824"	"p.T145Nfs*31"	"Insertion - Frameshift"	"ENST00000524790.5:c.433dup"	"11:g.7668523dup"	"chr11"	7668523	"CYB5R2"	"yes"	"no"	">1 tpm"	"no"	"out"	"no"	"no"	"<20%"	">5"
"COLO-824"	"p.H424Qfs*13"	"Insertion - Frameshift"	"ENST00000338608.6:c.1271dup"	"11:g.61490563dup"	"chr11"	61490563	"PPP1R32"	"yes"	"no"	"<=1 tpm"	"no"	"out"	"no"	"no"	"<20%"	">5"
"COLO-824"	"p.V148_M149del"	"Deletion - In frame"	"ENST00000265909.8:c.443_448del"	"11:g.130915493_130915498del"	"chr11"	130915493	"SNX19"	"yes"	"no"	">1 tpm"	"no"	"out"	"no"	"no"	"<20%"	">5"
"COLO-824"	"p.R70Dfs*21"	"Deletion - Frameshift"	"ENST00000228843.13:c.208del"	"12:g.4543903del"	"chr12"	4543903	"RAD51AP1"	"no"	"no"	">1 tpm"	"no"	"out"	"no"	"no"	""	">5"
"COLO-824"	"p.S350I"	"Substitution - Missense"	"ENST00000267163.5:c.1049G>T"	"13:g.48367603G>T"	"chr13"	48367603	"RB1"	"no"	"no"	"<=1 tpm"	"no"	"out"	"no"	"no"	""	"<=5"
"COLO-824"	"p.E150Kfs*?"	"Deletion - Frameshift"	"ENST00000264001.8:c.447del"	"16:g.66565999del"	"chr16"	66565999	"CKLF"	"yes"	"no"	">1 tpm"	"no"	"out"	"no"	"no"	"<20%"	">5"
"COLO-824"	"p.R148Pfs*10"	"Deletion - Frameshift"	"ENST00000262613.9:c.443del"	"17:g.74762013del"	"chr17"	74762013	"SLC9A3R1"	"yes"	"no"	">1 tpm"	"no"	"out"	"no"	"no"	"<20%"	">5"
"COLO-824"	"p.K495Ifs*9"	"Deletion - Frameshift"	"ENST00000222339.7:c.1484_1490del"	"19:g.42079820_42079826del"	"chr19"	42079820	"ZNF574"	"no"	"no"	">1 tpm"	"no"	"out"	"no"	"no"	""	">5"
"COLO-824"	"p.I128del"	"Deletion - In frame"	"ENST00000272067.10:c.382_384del"	"2:g.277068_277070del"	"chr2"	277068	"ACP1"	"yes"	"no"	">1 tpm"	"no"	"out"	"no"	"no"	"<20%"	">5"
"COLO-824"	"p.Q1022dup"	"Insertion - In frame"	"ENST00000409547.5:c.3063_3065dup"	"2:g.232844219_232844221dup"	"chr2"	232844221	"GIGYF2"	"no"	"no"	">1 tpm"	"no"	"out"	"no"	"no"	""	">5"
"COLO-824"	"p.G149Efs*4"	"Deletion - Frameshift"	"ENST00000399010.5:c.446del"	"21:g.37090252del"	"chr21"	37090252	"TTC3"	"yes"	"no"	">1 tpm"	"no"	"out"	"no"	"no"	"<20%"	">5"
"COLO-824"	"p.G23Nfs*25"	"Deletion - Frameshift"	"ENST00000419333.5:c.67_71del"	"3:g.196270462_196270466del"	"chr3"	196270462	"PCYT1A"	"yes"	"no"	">1 tpm"	"no"	"out"	"no"	"no"	"<20%"	">5"
"COLO-824"	"p.C60Wfs*29"	"Deletion - Frameshift"	"ENST00000254742.6:c.177_178del"	"4:g.4240472_4240473del"	"chr4"	4240472	"TMEM128"	"no"	"no"	">1 tpm"	"no"	"out"	"no"	"no"	""	">5"
"COLO-824"	"p.K293Dfs*5"	"Deletion - Frameshift"	"ENST00000281543.5:c.877_878del"	"4:g.44686652_44686653del"	"chr4"	44686652	"GUF1"	"yes"	"no"	">1 tpm"	"no"	"out"	"no"	"no"	"<20%"	">5"
"COLO-824"	"p.K156Nfs*79"	"Deletion - Frameshift"	"ENST00000504930.5:c.468del"	"5:g.90506557del"	"chr5"	90506557	"POLR3G"	"yes"	"no"	">1 tpm"	"no"	"out"	"no"	"no"	"<20%"	">5"
"COLO-824"	"p.G695Vfs*222"	"Deletion - Frameshift"	"ENST00000376511.6:c.2084del"	"6:g.30602571del"	"chr6"	30602571	"PPP1R10"	"yes"	"no"	">1 tpm"	"no"	"out"	"no"	"no"	"<20%"	">5"
"COLO-824"	"p.F127Lfs*26"	"Deletion - Frameshift"	"ENST00000493945.6:c.381del"	"7:g.5528702del"	"chr7"	5528702	"ACTB"	"no"	"no"	">1 tpm"	"no"	"out"	"no"	"no"	""	">5"
"COLO-824"	"p.G436Afs*38"	"Deletion - Frameshift"	"ENST00000287934.3:c.1307del"	"7:g.91266187del"	"chr7"	91266187	"FZD1"	"yes"	"no"	">1 tpm"	"no"	"out"	"no"	"no"	"<20%"	">5"
"COLO-824"	"p.S426Lfs*17"	"Insertion - Frameshift"	"ENST00000378115.2:c.1275dup"	"7:g.144187110dup"	"chr7"	144187110	"ARHGEF35"	"no"	"no"	">1 tpm"	"no"	"out"	"no"	"no"	""	">5"
"DU-4475"	"p.V92dup"	"Insertion - In frame"	"ENST00000305392.3:c.275_277dup"	"1:g.28150746_28150748dup"	"chr1"	28150748	"PTAFR"	"yes"	"no"	">1 tpm"	"no"	"out"	"no"	"no"	"<20%"	">5"
"DU-4475"	"p.E474dup"	"Insertion - In frame"	"ENST00000359236.9:c.1419_1421dup"	"12:g.118068546_118068548dup"	"chr12"	118068548	"VSIG10"	"no"	"no"	">1 tpm"	"no"	"in"	"no"	"no"	""	">5"
"DU-4475"	"p.N249K"	"Substitution - Missense"	"ENST00000332556.4:c.747C>A"	"13:g.113319653C>A"	"chr13"	113319653	"LAMP1"	"no"	"no"	">1 tpm"	"no"	"out"	"no"	"no"	""	">5"
"DU-4475"	"p.A2067V"	"Substitution - Missense"	"ENST00000280979.8:c.6200C>T"	"14:g.32824013C>T"	"chr14"	32824013	"AKAP6"	"yes"	"no"	">1 tpm"	"no"	"out"	"no"	"no"	"<20%"	">5"
"DU-4475"	"p.K129M"	"Substitution - Missense"	"ENST00000567169.5:c.386A>T"	"16:g.49638415T>A"	"chr16"	49638415	"ZNF423"	"no"	"no"	">1 tpm"	"no"	"out"	"no"	"no"	""	">5"
"DU-4475"	"p.A2035T"	"Substitution - Missense"	"ENST00000264705.8:c.6103G>A"	"2:g.27242308G>A"	"chr2"	27242308	"CAD"	"yes"	"no"	">1 tpm"	"no"	"out"	"no"	"no"	"<20%"	">5"
"DU-4475"	"p.V220L"	"Substitution - Missense"	"ENST00000434439.1:c.658G>C"	"2:g.201833899G>C"	"chr2"	201833899	"CDK15"	"no"	"no"	"<=1 tpm"	"no"	"out"	"no"	"no"	""	"<=5"
"DU-4475"	"p.V125Gfs*62"	"Deletion - Frameshift"	"ENST00000248846.9:c.374_614del"	"22:g.50243847_50244087del"	"chr22"	50243847	"TUBGCP6"	"no"	"no"	">1 tpm"	"no"	"out"	"no"	"no"	""	">5"
"DU-4475"	"p.D533Ifs*11"	"Deletion - Frameshift"	"ENST00000406341.5:c.1597del"	"3:g.9447122del"	"chr3"	9447122	"SETD5"	"no"	"no"	">1 tpm"	"no"	"out"	"no"	"no"	""	">5"
"DU-4475"	"p.S43N"	"Substitution - Missense"	"ENST00000383771.8:c.128G>A"	"3:g.27202456C>T"	"chr3"	27202456	"NEK10"	"no"	"no"	"<=1 tpm"	"no"	"out"	"no"	"no"	""	"<=5"
"DU-4475"	"p.R569H"	"Substitution - Missense"	"ENST00000330452.7:c.1706G>A"	"3:g.53189209G>A"	"chr3"	53189209	"PRKCD"	"yes"	"no"	">1 tpm"	"no"	"out"	"no"	"no"	"<20%"	">5"
"DU-4475"	"p.T144A"	"Substitution - Missense"	"ENST00000296255.7:c.430A>G"	"3:g.128638002T>C"	"chr3"	128638002	"RPN1"	"yes"	"no"	">1 tpm"	"no"	"out"	"no"	"no"	"<20%"	">5"
"DU-4475"	"p.E1577*"	"Substitution - Nonsense"	"ENST00000508376.6:c.4729G>T"	"5:g.112840323G>T"	"chr5"	112840323	"APC"	"yes"	"yes"	">1 tpm"	"no"	"out"	"no"	"no"	"<20%"	">5"
"DU-4475"	"p.R1204H"	"Substitution - Missense"	"ENST00000508989.5:c.3611G>A"	"5:g.128336002C>T"	"chr5"	128336002	"FBN2"	"no"	"no"	"<=1 tpm"	"no"	"out"	"no"	"no"	""	"<=5"
"DU-4475"	"p.Q1812Hfs*85"	"Insertion - Frameshift"	"ENST00000376007.8:c.5434_5435dup"	"6:g.31635642_31635643dup"	"chr6"	31635643	"PRRC2A"	"no"	"no"	">1 tpm"	"no"	"out"	"no"	"no"	""	">5"
"DU-4475"	"p.D109Efs*28"	"Insertion - Frameshift"	"ENST00000339582.6:c.323_326dup"	"7:g.127242880_127242883dup"	"chr7"	127242883	"GRM8"	"no"	"no"	">1 tpm"	"no"	"out"	"no"	"no"	""	">5"
"DU-4475"	"p.V640E"	"Substitution - Missense"	"ENST00000644969.1:c.1919T>A"	"7:g.140753336A>T"	"chr7"	140753336	"BRAF"	"yes"	"no"	">1 tpm"	"no"	"out"	"no"	"no"	"<20%"	">5"
"DU-4475"	"p.F1301V"	"Substitution - Missense"	"ENST00000452400.6:c.3901T>G"	"8:g.70126828A>C"	"chr8"	70126828	"NCOA2"	"yes"	"no"	">1 tpm"	"no"	"out"	"no"	"no"	"<20%"	">5"
"DU-4475"	"p.S41R"	"Substitution - Missense"	"ENST00000395715.7:c.121A>C"	"8:g.115619977T>G"	"chr8"	115619977	"TRPS1"	"no"	"no"	"<=1 tpm"	"no"	"out"	"no"	"no"	""	"<=5"
"DU-4475"	"p.R81W"	"Substitution - Missense"	"ENST00000276218.3:c.241C>T"	"X:g.130385207G>A"	"chrX"	130385207	"GPR119"	"no"	"no"	"<=1 tpm"	"no"	"out"	"no"	"no"	""	"<=5"
"DU-4475"	"p.T1931S"	"Substitution - Missense"	"ENST00000394141.1:c.5792C>G"	"X:g.136350113C>G"	"chrX"	136350113	"ADGRG4"	"no"	"no"	"<=1 tpm"	"no"	"out"	"no"	"no"	""	"<=5"
"EFM-19"	"p.I46Lfs*15"	"Deletion - Frameshift"	"ENST00000374027.7:c.136_137del"	"1:g.27382621_27382622del"	"chr1"	27382621	"CD164L2"	"no"	"no"	"<=1 tpm"	"no"	"out"	"no"	"no"	""	"<=5"
"EFM-19"	"p.A430T"	"Substitution - Missense"	"ENST00000487146.6:c.1288G>A"	"1:g.110340693G>A"	"chr1"	110340693	"RBM15"	"yes"	"no"	">1 tpm"	"no"	"out"	"no"	"no"	"<20%"	">5"
"EFM-19"	"p.V343Sfs*9"	"Deletion - Frameshift"	"ENST00000609928.5:c.1027del"	"1:g.179846458del"	"chr1"	179846458	"TOR1AIP2"	"yes"	"no"	">1 tpm"	"no"	"out"	"no"	"no"	"<20%"	">5"
"EFM-19"	"p.R578Q"	"Substitution - Missense"	"ENST00000539722.5:c.1733G>A"	"10:g.6428220C>T"	"chr10"	6428220	"PRKCQ"	"no"	"no"	"<=1 tpm"	"no"	"out"	"no"	"no"	""	"<=5"
"EFM-19"	"p.E1406K"	"Substitution - Missense"	"ENST00000355832.9:c.4216G>A"	"10:g.49459081C>T"	"chr10"	49459081	"ERCC6"	"yes"	"no"	">1 tpm"	"no"	"out"	"no"	"no"	"<20%"	">5"
"EFM-19"	"p.E424_E427del"	"Deletion - In frame"	"ENST00000530342.2:c.1260_1271del"	"11:g.67250607_67250618del"	"chr11"	67250607	"KDM2A"	"no"	"no"	">1 tpm"	"no"	"in"	"no"	"no"	""	">5"
"EFM-19"	"p.Q684L"	"Substitution - Missense"	"ENST00000393695.7:c.2051A>T"	"11:g.72015452T>A"	"chr11"	72015452	"NUMA1"	"yes"	"no"	">1 tpm"	"no"	"out"	"no"	"no"	"<20%"	">5"
"EFM-19"	"p.G119Dfs*11"	"Deletion - Frameshift"	"ENST00000419869.6:c.356del"	"12:g.15890622del"	"chr12"	15890622	"STRAP"	"no"	"no"	">1 tpm"	"no"	"out"	"no"	"no"	""	">5"
"EFM-19"	"p.R516P"	"Substitution - Missense"	"ENST00000635625.1:c.1547G>C"	"12:g.112489111G>C"	"chr12"	112489111	"PTPN11"	"no"	"no"	">1 tpm"	"no"	"out"	"no"	"no"	""	">5"
"EFM-19"	"p.N613Y"	"Substitution - Missense"	"ENST00000422392.6:c.1837A>T"	"16:g.68823482A>T"	"chr16"	68823482	"CDH1"	"no"	"no"	">1 tpm"	"no"	"out"	"no"	"no"	""	">5"
"EFM-19"	"p.E100*"	"Substitution - Nonsense"	"ENST00000262294.11:c.298G>T"	"17:g.59084073C>A"	"chr17"	59084073	"TRIM37"	"yes"	"no"	">1 tpm"	"no"	"out"	"no"	"no"	"<20%"	">5"
"EFM-19"	"p.C91Wfs*26"	"Deletion - Frameshift"	"ENST00000320699.12:c.270_271del"	"19:g.5788122_5788123del"	"chr19"	5788122	"DUS3L"	"no"	"no"	">1 tpm"	"no"	"out"	"no"	"no"	""	">5"
"EFM-19"	"p.H350Y"	"Substitution - Missense"	"ENST00000217159.5:c.1048C>T"	"20:g.62661102C>T"	"chr20"	62661102	"SLCO4A1"	"no"	"no"	"<=1 tpm"	"no"	"out"	"no"	"no"	""	"<=5"
"EFM-19"	"p.F338Lfs*9"	"Deletion - Frameshift"	"ENST00000393409.2:c.1014_1023del"	"3:g.126989607_126989616del"	"chr3"	126989607	"PLXNA1"	"no"	"no"	">1 tpm"	"no"	"out"	"no"	"no"	""	">5"
"EFM-19"	"p.L302V"	"Substitution - Missense"	"ENST00000295920.7:c.904T>G"	"3:g.155916181T>G"	"chr3"	155916181	"GMPS"	"no"	"no"	">1 tpm"	"no"	"out"	"no"	"no"	""	">5"
"EFM-19"	"p.H1047L"	"Substitution - Missense"	"ENST00000263967.3:c.3140A>T"	"3:g.179234297A>T"	"chr3"	179234297	"PIK3CA"	"yes"	"yes"	">1 tpm"	"no"	"out"	"no"	"no"	"<20%"	">5"
"EFM-19"	"p.Q279del"	"Deletion - In frame"	"ENST00000368576.7:c.836_838del"	"6:g.116656816_116656818del"	"chr6"	116656816	"ZUP1"	"yes"	"no"	">1 tpm"	"no"	"out"	"no"	"no"	"<20%"	">5"
"EFM-19"	"p.E1357*"	"Substitution - Nonsense"	"ENST00000288368.4:c.4069G>T"	"8:g.68138499G>T"	"chr8"	68138499	"PREX2"	"no"	"no"	"<=1 tpm"	"no"	"out"	"no"	"no"	""	"<=5"
"EFM-19"	"p.V184_S187del"	"Deletion - In frame"	"ENST00000518937.5:c.551_562del"	"8:g.80038179_80038190del"	"chr8"	80038179	"TPD52"	"yes"	"no"	">1 tpm"	"no"	"out"	"no"	"no"	"<20%"	">5"
"EFM-19"	"p.D2470Y"	"Substitution - Missense"	"ENST00000343508.7:c.7408G>T"	"8:g.112314450C>A"	"chr8"	112314450	"CSMD3"	"no"	"no"	"<=1 tpm"	"no"	"out"	"no"	"no"	""	"<=5"
"EFM-19"	"p.I1644V"	"Substitution - Missense"	"ENST00000297405.9:c.4930A>G"	"8:g.112503943T>C"	"chr8"	112503943	"CSMD3"	"no"	"no"	"<=1 tpm"	"no"	"out"	"no"	"no"	""	"<=5"
"EVSA-T"	"p.L2171Rfs*182"	"Deletion - Frameshift"	"ENST00000375759.7:c.6512del"	"1:g.15932752del"	"chr1"	15932752	"SPEN"	"yes"	"no"	">1 tpm"	"no"	"out"	"no"	"no"	"<20%"	">5"
"EVSA-T"	"p.S96_G109del"	"Deletion - In frame"	"ENST00000334793.5:c.286_327del"	"1:g.47438421_47438462del"	"chr1"	47438421	"FOXD2"	"no"	"no"	"<=1 tpm"	"no"	"out"	"no"	"no"	""	"<=5"
"EVSA-T"	"p.M295_G299del"	"Deletion - In frame"	"ENST00000294428.7:c.884_898del"	"1:g.64781477_64781491del"	"chr1"	64781477	"RAVER2"	"no"	"no"	">1 tpm"	"no"	"out"	"no"	"no"	""	">5"
"EVSA-T"	"p.L668F"	"Substitution - Missense"	"ENST00000260526.10:c.2004A>C"	"1:g.94184977T>G"	"chr1"	94184977	"ARHGAP29"	"yes"	"no"	">1 tpm"	"no"	"out"	"no"	"no"	"<20%"	">5"
"EVSA-T"	"p.L191I"	"Substitution - Missense"	"ENST00000360851.3:c.571C>A"	"1:g.183880761C>A"	"chr1"	183880761	"RGL1"	"yes"	"no"	">1 tpm"	"no"	"out"	"no"	"no"	"<20%"	">5"
"EVSA-T"	"p.S176Y"	"Substitution - Missense"	"ENST00000373809.2:c.527C>A"	"10:g.60792192C>A"	"chr10"	60792192	"CDK1"	"no"	"no"	">1 tpm"	"no"	"out"	"no"	"no"	""	">5"
"EVSA-T"	"p.T319*"	"Deletion - Frameshift"	"ENST00000371953.7:c.955_958del"	"10:g.87961047_87961050del"	"chr10"	87961047	"PTEN"	"yes"	"yes"	">1 tpm"	"no"	"out"	"no"	"no"	"<20%"	">5"
"EVSA-T"	"p.N341Ifs*9"	"Deletion - Frameshift"	"ENST00000298492.5:c.1020del"	"10:g.124834743del"	"chr10"	124834743	"ABRAXAS2"	"yes"	"no"	">1 tpm"	"no"	"out"	"no"	"no"	"<20%"	">5"
"EVSA-T"	"p.L1472F"	"Substitution - Missense"	"ENST00000278616.8:c.4416G>C"	"11:g.108289781G>C"	"chr11"	108289781	"ATM"	"no"	"no"	">1 tpm"	"no"	"out"	"no"	"no"	""	">5"
"EVSA-T"	"p.Q231R"	"Substitution - Missense"	"ENST00000534087.3:c.692A>G"	"11:g.128809166A>G"	"chr11"	128809166	"FLI1"	"no"	"no"	"<=1 tpm"	"no"	"out"	"no"	"no"	""	"<=5"
"EVSA-T"	"p.D344N"	"Substitution - Missense"	"ENST00000527786.6:c.1030G>A"	"11:g.128810659G>A"	"chr11"	128810659	"FLI1"	"no"	"no"	"<=1 tpm"	"no"	"out"	"no"	"no"	""	"<=5"
"EVSA-T"	"p.S37Pfs*70"	"Deletion - Frameshift"	"ENST00000216799.8:c.109_119del"	"14:g.24141187_24141197del"	"chr14"	24141187	"EMC9"	"yes"	"no"	">1 tpm"	"no"	"out"	"no"	"no"	"<20%"	">5"
"EVSA-T"	"p.Q250_Q254dup"	"Insertion - In frame"	"ENST00000503767.5:c.856_870dup"	"14:g.92071020_92071034dup"	"chr14"	92071034	"ATXN3"	"no"	"no"	">1 tpm"	"no"	"in"	"yes"	"no"	""	">5"
"EVSA-T"	"p.A79E"	"Substitution - Missense"	"ENST00000559554.5:c.236C>A"	"15:g.78580940C>A"	"chr15"	78580940	"CHRNA5"	"yes"	"no"	">1 tpm"	"no"	"out"	"no"	"no"	"<20%"	">5"
"EVSA-T"	"p.S241C"	"Substitution - Missense"	"ENST00000413465.6:c.722C>G"	"17:g.7674241G>C"	"chr17"	7674241	"TP53"	"yes"	"yes"	">1 tpm"	"no"	"out"	"no"	"no"	"<20%"	">5"
"EVSA-T"	"p.R829*"	"Substitution - Nonsense"	"ENST00000361524.7:c.2485C>T"	"18:g.25225433G>A"	"chr18"	25225433	"ZNF521"	"no"	"no"	"<=1 tpm"	"no"	"out"	"no"	"no"	""	"<=5"
"EVSA-T"	"p.A348Lfs*13"	"Deletion - Frameshift"	"ENST00000597761.6:c.1041del"	"19:g.23146085del"	"chr19"	23146085	"ZNF730"	"no"	"no"	"<=1 tpm"	"no"	"out"	"no"	"no"	""	"<=5"
"EVSA-T"	"p.A544Vfs*39"	"Deletion - Frameshift"	"ENST00000600404.1:c.1631del"	"19:g.58084755del"	"chr19"	58084755	"ZSCAN18"	"no"	"no"	">1 tpm"	"no"	"out"	"no"	"no"	""	">5"
"EVSA-T"	"p.Y233_G239del"	"Deletion - In frame"	"ENST00000611463.1:c.696_716del"	"2:g.95181764_95181784del"	"chr2"	95181764	"ZNF2"	"no"	"no"	">1 tpm"	"no"	"out"	"no"	"no"	""	">5"
"EVSA-T"	"p.Q1002K"	"Substitution - Missense"	"ENST00000409311.5:c.3004C>A"	"2:g.110638047G>T"	"chr2"	110638047	"BUB1"	"no"	"no"	">1 tpm"	"no"	"out"	"no"	"no"	""	">5"
"EVSA-T"	"p.E1434Q"	"Substitution - Missense"	"ENST00000263816.7:c.4300G>C"	"2:g.169238297C>G"	"chr2"	169238297	"LRP2"	"no"	"no"	"<=1 tpm"	"no"	"out"	"no"	"no"	""	"<=5"
"EVSA-T"	"p.L413V"	"Substitution - Missense"	"ENST00000521943.5:c.1237C>G"	"2:g.171011408G>C"	"chr2"	171011408	"TLK1"	"no"	"no"	">1 tpm"	"no"	"out"	"no"	"no"	""	">5"
"EVSA-T"	"p.P112S"	"Substitution - Missense"	"ENST00000409854.5:c.334C>T"	"2:g.221564220G>A"	"chr2"	221564220	"EPHA4"	"no"	"no"	"<=1 tpm"	"no"	"out"	"no"	"no"	""	"<=5"
"EVSA-T"	"p.D515H"	"Substitution - Missense"	"ENST00000433712.6:c.1543G>C"	"2:g.233983059G>C"	"chr2"	233983059	"TRPM8"	"no"	"no"	"<=1 tpm"	"no"	"out"	"no"	"no"	""	"<=5"
"EVSA-T"	"p.Y194D"	"Substitution - Missense"	"ENST00000446702.6:c.580T>G"	"3:g.1295726T>G"	"chr3"	1295726	"CNTN6"	"no"	"no"	"<=1 tpm"	"no"	"out"	"no"	"no"	""	"<=5"
"EVSA-T"	"p.R1217W"	"Substitution - Missense"	"ENST00000254508.6:c.3649C>T"	"3:g.13336822G>A"	"chr3"	13336822	"NUP210"	"yes"	"no"	">1 tpm"	"no"	"out"	"no"	"no"	"<20%"	">5"
"EVSA-T"	"p.S28Rfs*8"	"Deletion - Frameshift"	"ENST00000436261.5:c.84_87del"	"3:g.44502601_44502604del"	"chr3"	44502601	"ZNF852"	"yes"	"no"	">1 tpm"	"no"	"out"	"no"	"no"	"<20%"	">5"
"EVSA-T"	"p.L441M"	"Substitution - Missense"	"ENST00000394706.7:c.1321C>A"	"4:g.106235280G>T"	"chr4"	106235280	"TBCK"	"no"	"no"	">1 tpm"	"no"	"out"	"no"	"no"	""	">5"
"EVSA-T"	"p.A842T"	"Substitution - Missense"	"ENST00000265080.8:c.2524G>A"	"5:g.81123695G>A"	"chr5"	81123695	"RASGRF2"	"no"	"no"	"<=1 tpm"	"no"	"out"	"no"	"no"	""	"<=5"
"EVSA-T"	"p.T792K"	"Substitution - Missense"	"ENST00000274376.10:c.2375C>A"	"5:g.87378426C>A"	"chr5"	87378426	"RASA1"	"yes"	"no"	">1 tpm"	"no"	"out"	"no"	"no"	"<20%"	">5"
"EVSA-T"	"p.K1182Nfs*83"	"Deletion - Frameshift"	"ENST00000257430.8:c.3546del"	"5:g.112839140del"	"chr5"	112839140	"APC"	"no"	"no"	">1 tpm"	"no"	"out"	"no"	"no"	""	">5"
"EVSA-T"	"p.N954Kfs*4"	"Insertion - Frameshift"	"ENST00000257414.12:c.2861dup"	"5:g.116446898dup"	"chr5"	116446898	"SEMA6A"	"no"	"no"	">1 tpm"	"no"	"out"	"no"	"no"	""	">5"
"EVSA-T"	"p.E384Sfs*30"	"Deletion - Frameshift"	"ENST00000358715.3:c.1150del"	"5:g.163475557del"	"chr5"	163475557	"HMMR"	"no"	"no"	">1 tpm"	"no"	"out"	"no"	"no"	""	">5"
"EVSA-T"	"p.M178T"	"Substitution - Missense"	"ENST00000606784.5:c.533T>C"	"6:g.84738589A>G"	"chr6"	84738589	"TBX18"	"no"	"no"	"<=1 tpm"	"no"	"out"	"no"	"no"	""	"<=5"
"EVSA-T"	"p.P434R"	"Substitution - Missense"	"ENST00000543571.5:c.1301C>G"	"6:g.149683788G>C"	"chr6"	149683788	"LATS1"	"yes"	"no"	">1 tpm"	"no"	"out"	"no"	"no"	"<20%"	">5"
"EVSA-T"	"p.E711K"	"Substitution - Missense"	"ENST00000275493.6:c.2131G>A"	"7:g.55173990G>A"	"chr7"	55173990	"EGFR"	"yes"	"no"	">1 tpm"	"no"	"out"	"no"	"no"	"<20%"	">5"
"EVSA-T"	"p.V381I"	"Substitution - Missense"	"ENST00000359195.3:c.1141G>A"	"7:g.106868702G>A"	"chr7"	106868702	"PIK3CG"	"no"	"no"	"<=1 tpm"	"no"	"out"	"no"	"no"	""	"<=5"
"EVSA-T"	"p.H826Y"	"Substitution - Missense"	"ENST00000402687.8:c.2476C>T"	"8:g.69638783C>T"	"chr8"	69638783	"SULF1"	"no"	"no"	"<=1 tpm"	"no"	"out"	"no"	"no"	""	"<=5"
"EVSA-T"	"p.N511Tfs*11"	"Deletion - Frameshift"	"ENST00000388798.6:c.1532del"	"8:g.100213915del"	"chr8"	100213915	"SPAG1"	"no"	"no"	">1 tpm"	"no"	"out"	"no"	"no"	""	"<=5"
"EVSA-T"	"p.R10*"	"Insertion - Frameshift"	"ENST00000519076.5:c.22_23dup"	"8:g.115620040_115620041dup"	"chr8"	115620041	"TRPS1"	"no"	"no"	">1 tpm"	"no"	"out"	"no"	"no"	""	">5"
"EVSA-T"	"p.S420F"	"Substitution - Missense"	"ENST00000552516.5:c.1259C>T"	"9:g.99146601C>T"	"chr9"	99146601	"TGFBR1"	"no"	"no"	">1 tpm"	"no"	"out"	"no"	"no"	""	">5"
"EVSA-T"	"p.A1466T"	"Substitution - Missense"	"ENST00000238341.9:c.4396G>A"	"9:g.121157500G>A"	"chr9"	121157500	"CNTRL"	"yes"	"no"	">1 tpm"	"no"	"out"	"no"	"no"	"<20%"	">5"
"EVSA-T"	"p.S320F"	"Substitution - Missense"	"ENST00000359428.9:c.959C>T"	"9:g.131135960C>T"	"chr9"	131135960	"NUP214"	"yes"	"no"	">1 tpm"	"no"	"out"	"no"	"no"	"<20%"	">5"
"EVSA-T"	"p.R1809Q"	"Substitution - Missense"	"ENST00000369850.8:c.5426G>A"	"X:g.154354282C>T"	"chrX"	154354282	"FLNA"	"yes"	"no"	">1 tpm"	"no"	"out"	"no"	"no"	"<20%"	">5"
"EVSA-T"	"p.H1033D"	"Substitution - Missense"	"ENST00000360256.8:c.3097C>G"	"X:g.154930693G>C"	"chrX"	154930693	"F8"	"no"	"no"	">1 tpm"	"no"	"out"	"no"	"no"	""	"<=5"
"MFM-223"	"p.T152Pfs*29"	"Deletion - Frameshift"	"ENST00000271971.6:c.453del"	"1:g.230762703del"	"chr1"	230762703	"CAPN9"	"no"	"no"	">1 tpm"	"no"	"out"	"no"	"no"	""	">5"
"MFM-223"	"p.L1021Tfs*16"	"Insertion - Frameshift"	"ENST00000257829.7:c.3060dup"	"11:g.34146174dup"	"chr11"	34146174	"NAT10"	"yes"	"no"	">1 tpm"	"no"	"out"	"no"	"no"	"<20%"	">5"
"MFM-223"	"p.V819Cfs*11"	"Insertion - Frameshift"	"ENST00000241453.11:c.2454dup"	"13:g.28018555dup"	"chr13"	28018555	"FLT3"	"no"	"no"	"<=1 tpm"	"no"	"out"	"no"	"no"	""	"<=5"
"MFM-223"	"p.I146Hfs*8"	"Deletion - Frameshift"	"ENST00000298875.8:c.432_435del"	"14:g.92135383_92135386del"	"chr14"	92135383	"CPSF2"	"yes"	"no"	">1 tpm"	"no"	"out"	"no"	"no"	"<20%"	">5"
"MFM-223"	"p.E39del"	"Deletion - In frame"	"ENST00000315082.8:c.115_117del"	"16:g.668506_668508del"	"chr16"	668506	"RHOT2"	"yes"	"no"	">1 tpm"	"no"	"out"	"no"	"no"	"<20%"	">5"
"MFM-223"	"p.P233Lfs*12"	"Insertion - Frameshift"	"ENST00000301395.7:c.696_697dup"	"17:g.4558705_4558706dup"	"chr17"	4558706	"GGT6"	"no"	"no"	"<=1 tpm"	"no"	"out"	"no"	"no"	""	"<=5"
"MFM-223"	"p.Q89Hfs*47"	"Insertion - Frameshift"	"ENST00000156626.11:c.265_266dup"	"17:g.76629582_76629583dup"	"chr17"	76629583	"ST6GALNAC1"	"no"	"no"	"<=1 tpm"	"no"	"out"	"no"	"no"	""	"<=5"
"MFM-223"	"p.G537_E538dup"	"Insertion - In frame"	"ENST00000429344.6:c.1610_1615dup"	"19:g.3613245_3613250dup"	"chr19"	3613250	"CACTIN"	"no"	"no"	">1 tpm"	"no"	"out"	"no"	"no"	""	">5"
"MFM-223"	"p.P56_K57insQKPPQPQFTDLP"	"Insertion - In frame"	"ENST00000423345.4:c.168_169insCAGAAGCCCCCGCAGCCTCAGTTCACTGACCTCCCC"	"19:g.8499643_8499644insAGGTCAGTGAACTGAGGCTGCGGGGGCTTCTGGGGG"	"chr19"	8499643	"PRAM1"	"no"	"no"	"<=1 tpm"	"no"	"out"	"no"	"no"	""	"<=5"
"MFM-223"	"p.A1200V"	"Substitution - Missense"	"ENST00000389048.7:c.3599C>T"	"2:g.29220752G>A"	"chr2"	29220752	"ALK"	"no"	"no"	"<=1 tpm"	"no"	"out"	"no"	"no"	""	"<=5"
"MFM-223"	"p.H1047R"	"Substitution - Missense"	"ENST00000263967.3:c.3140A>G"	"3:g.179234297A>G"	"chr3"	179234297	"PIK3CA"	"yes"	"yes"	">1 tpm"	"no"	"out"	"no"	"no"	"<20%"	">5"
